ID,SamplingDate,Chemetrics_Acidified_Date,Site,Source,Temp,SPCOND,pH,ORP,AlkalinityS,AlkalinityW,NH3_f,H2S_f,NO3_f,Fetot,O2,Mn_f,SO4_f,As_f,TotalNField,DOC,TDN,Cl,Fl,NO2,NO3,SO4,Li,Na_IC,K_IC,Mg_IC,Ca_IC,Mo,Cd,Sb,Pb,U,Al,Si,P,S,Ca,Cr,Mn,Fe,Co,Ni,Cu,Ti,Zn,B,Sr,Sr2,Ba,K,As,Na,Mg,O18,D,,,,,,
DS01,7/6/2018 17:17,7/6/2018 17:17,Downstream,Stream,22.2,112.7,7.4,268,,45.8,0.18,0.02,0.06,BDL,8.35,,,,0.24,0.92,0.1,1.9525,0.012,1.9422,0.1257,0.7902,,7.2396,3.1357,2.0506,10.4645,,,,,,,,,,,,,,,,,,,,,,,,,,,-4.88,-22.9,,,,,,
DS02,7/6/2018 19:39,7/7/2018 9:50,Downstream,Stream,,,,,,44.2,BDL,0.015,0.05,BDL,,,,,,1.44,0.11,2.108,0.008,2.161,0.304,1.093,0.002,8.764,2.609,1.946,9.761,,,,,,,,,,,,,,,,,,,,,,,,,,,-4.28,-26.4,,,,,,
DS03,7/6/2018 21:45,7/7/2018 11:23,Downstream,Stream,,,,,,56.6,0.133,0.359,0.088,BDL,,,,,,1.01,0.12,2.040,0.027,2.056,0.262,0.876,,7.047,2.568,1.978,9.863,,,,,,,,,,,,,,,,,,,,,,,,,,,-4.81,-24.6,,,,,,
DS09,7/7/2018 10:20,7/7/2018 10:30,Downstream,Stream,22.1,106.4,7.6,199.3,,42,BDL,0.01,0.07,BDL,,,,,,2.53,0.11,2.25,0.0057,2.0738,0.2422,1.0014,0.0016,8.2907,2.487,1.8826,9.4699,,,,,,,,,,,,,,,,,,,,,,,,,,,-4.52,-25.2,,,,,,
DS10,7/7/2018 11:30,7/7/2018 11:57,Downstream,Stream,,,,,,44.2,0.097,0.06,0.077,BDL,,,,,,2.5,0.09,2.050,0.005,2.061,0.245,0.906,,6.608,3.135,1.978,9.891,,,,,,270.07,57.82,24.25,970.30,16.11,0.86,1.78,16.64,0.02,0.15,3.39,3.83,59.65,12361.53,207.63,,,5.39,0.56,17.78,5.75,-4.96,-24.8,,,,,,
DS11,7/7/2018 13:30,7/7/2018 13:50,Downstream,Stream,22,91.5,7.5,210.9,,33.2,0.64,0.16,0.1,0.4,,,,,0.74,12.01,0.26,2.62,0.0182,1.6556,0.2551,1.4052,0.004,13.4456,1.4573,1.2997,6.9702,,,,,,853.77,49.33,18.05,1324.32,12.75,2.72,10.36,259.38,0.13,0.46,4.04,9.74,225.48,30304.03,157.29,,,4.54,0.49,24.01,4.11,-3.55,-23.3,,,,,,
DS12,7/7/2018 15:53,7/7/2018 15:53,Downstream,Stream,21.9,107,7.5,234.6,,43.4,BDL,0.02,0.06,BDL,,,,,,1.2,0.11,2.2138,0.0037,2.1027,0.2755,1.1921,0.0051,8.6418,2.987,1.9497,9.7109,,,,,,398.87,56.97,23.08,1039.84,15.59,0.97,1.76,28.44,0.04,0.17,2.16,5.63,42.49,17424.75,198.91,,,4.97,0.57,17.42,5.4,-4.4,-23.9,,,,,,
DS13,7/7/2018 17:35,7/7/2018 18:00,Downstream,Stream,22,110.9,7.5,268,,46.8,0.07,0.05,0.07,BDL,,,,,0.14,0.79,0.11,2.1255,0.0263,2.1372,0.2716,1.129,,5.7216,2.658,1.9183,9.7978,0.18,1.66,4.2,0.05,0,18.41,51.44,23.25,801.71,15.86,0.04,1.26,16.02,0.03,0.1,0.74,0.3,36.1,152.13,199.8,,,5.13,0.6,10.99,5.46,-4.52,-24.1,,,,,,
DS14,7/7/2018 19:40,7/7/2018 20:00,Downstream,Stream,22,111.7,7.6,276.7,,48,0.01,0.03,0.05,BDL,,,,,0.06,0.7,0.09,1.9951,0.0025,2.0426,0.2003,0.852,0.0014,5.7374,2.863,1.9377,9.8847,0.01,3.11,1.66,0.02,-0.02,5.4,23.54,10.69,337.65,7.11,0.01,0.44,2.83,0.01,0.02,0.23,0.08,4.93,13.23,89.16,,,2.27,0.27,4.45,2.55,-4.62,-23.5,,,,,,
DS15,7/7/2018 21:35,7/7/2018 22:30,Downstream,Stream,22,112.3,7.6,284.7,,47.2,0.11,0.02,0.05,BDL,,,,,0.16,0.42,0.09,1.9781,0.0187,1.9626,0.1995,0.9456,0.0033,9.2446,2.9791,2.0636,10.2491,,,,,,1.36,27.23,10.92,402.77,6.82,0.29,0.22,1.68,0,0.04,0.55,0.32,23.97,4676.31,86.73,,,2.21,0.28,6.94,2.48,-4.56,-23.6,,,,,,
DS16,7/7/2018 23:50,7/8/2018 0:20,Downstream,Stream,22,110.4,7.6,289.4,,48,1.19,0.5,0.41,BDL,,,,,1.6,0.63,0.07,2.0477,0.016,2.0266,0.2858,1.002,0.0021,9.1506,2.8657,2.0245,10.1267,0,0.04,1.58,0.02,-0.03,4.17,24.07,10.95,350.05,7.33,0.01,0.4,2.49,0,0.02,0.33,0.06,27.62,53.35,92.55,,,2.37,0.27,5.11,2.64,-4.78,-22.8,,,,,,
DS17,7/8/2018 1:30,7/8/2018 6:20,Downstream,Stream,21.9,111,7.6,296.2,,52,0.08,0.02,0.22,BDL,,,,,0.3,0.48,0.09,2.1394,0.0628,1.8965,0.1717,0.7553,0.0013,10.3222,2.2619,1.994,10.2174,0.19,0.95,0.03,0.21,-0.02,166.84,26.26,10.35,335.93,7.03,0.3,0.57,6.76,0.01,0.06,0.41,1.35,31.49,5698.78,88.66,,,2.45,1.23,6.86,2.51,-5.83,-27.8,,,,,,
DS18,7/8/2018 3:50,7/8/2018 6:40,Downstream,Stream,21.9,111.3,7.6,296.9,,46,0.2,0.08,0.22,BDL,,,,,0.42,1.07,0.09,2.0898,0.0605,1.8167,0.1998,0.8004,0.0011,9.1976,2.3397,1.9712,10.0264,0.17,0.08,0.03,0.19,-0.02,156.16,25.18,10.52,352.05,6.84,0.32,0.56,6,0.01,0.05,0.63,1.28,33.4,5198.65,86.2,,,2.49,1.22,7.1,2.43,-5.62,-23.9,,,,,,
DS19,7/8/2018 5:30,7/8/2018 7:20,Downstream,Stream,21.8,105.1,7.5,296.7,,46.6,0.59,0.1,0.22,BDL,,,,,0.81,0.87,0.1,2.0244,0.0506,1.9512,0.1501,0.8823,0.0013,9.3818,2.3638,2.0016,10.1633,0.18,0.11,0.04,0.22,-0.02,159.11,25.81,9.99,348.42,6.9,0.31,0.72,5.7,0.01,0.06,0.61,1.24,31.98,5655.69,87.02,,,2.38,1.19,6.69,2.4,-5.49,-25.9,,,,,,
DS20,7/8/2018 7:51,7/8/2018 8:20,Downstream,Stream,21.9,111,7.6,299,,48.4,0,0,0.07,BDL,,,,,0.07,0.96,0.1,4.1368,0.0803,1.8661,0.3283,0.8464,0.0012,12.107,1.7666,1.9183,9.7286,0.17,1.08,0.03,0.26,-0.02,192.51,26.52,10.62,358.61,7.05,0.34,0.6,7.81,0.06,0.08,0.64,1.57,37.48,6365.97,87.88,,,2.56,1.35,7.42,2.46,-5.44,-24.9,,,,,,
DS21,7/8/2018 9:40,7/8/2018 10:34,Downstream,Stream,22,112.7,7.6,300.3,,48.6,0,0,0.08,,,,,,0.08,0.77,0.07,2.0276,0.0598,1.9152,0.3051,0.8725,0.0009,8.6844,2.5399,2.0099,10.3154,0.21,0.51,0.03,0.24,-0.01,184.64,26.58,10.86,348.54,7.03,0.35,0.66,5.82,0.01,0.04,0.48,1.49,37.77,6830.28,89.27,,,2.56,1.47,7.88,2.46,-5.48,-24.5,,,,,,
DS22,7/8/2018 12:00,7/8/2018 0:00,Downstream,Stream,22,110.6,7.6,288.4,,34.8,0.02,0,0.03,,,,,,0.05,0.48,0.07,4.2577,0.034,1.9363,0.2855,0.8425,0.0012,12.6474,1.9369,1.9755,9.9545,0.18,1.15,0.03,0.19,-0.01,155.85,26.25,11.03,346.84,7.24,0.28,0.44,5.19,0.01,0.03,0.43,1.26,53.26,5329.52,88.65,,,2.37,1.14,7.12,2.34,-5.27,-38.3,,,,,,
DS23,7/8/2018 14:01,7/8/2018 15:15,Downstream,Stream,22.1,112.1,7.6,307.2,,50.6,0.14,0.01,0.05,,,,,,0.19,0.8,0.12,2.0359,0.0641,1.9375,0.3169,0.8532,0.0012,9.1539,2.8531,2.0638,10.4386,0.21,0.09,0.03,0.22,-0.01,175.28,26.93,11.74,351.73,7.18,0.34,0.49,5.69,0,0.04,0.47,1.38,36.37,5868.2,90.87,,,2.28,1.16,6.8,2.17,-5.33,-24.7,,,,,,
DS24,7/8/2018 15:50,7/8/2018 17:15,Downstream,Stream,22,113.5,7.6,308.7,,46.2,0.152,0.03,0.052,,,,,,0,0.55,0.08,2.0577,0.0471,1.8933,0.2882,0.8467,0.001,8.4236,2.4983,1.9744,10.1255,0.19,0.38,0.03,0.22,-0.02,169.5,25.88,11.66,359.12,7.27,0.3,0.56,8.09,0.01,0.04,0.47,1.34,41.66,5597.78,88.82,,,2.6,1.25,7.8,2.67,-4.86,-25,,,,,,
DS25,7/8/2018 17:30,7/8/2018 17:30,Downstream,Stream,22,110.6,7.6,288.4,19,,0,0.01,0.1,,,,0.671,,0.1,0.75,0.1,2.0521,0.0716,1.979,0.3196,0.8586,0.0012,9.2627,3.0013,2.0365,10.2925,0.22,0.2,0.03,0.23,-0.02,196.86,26.2,12.48,369.3,7.38,0.41,0.5,7.15,0.01,0.04,0.52,1.54,85.55,6104.07,91.75,,,2.47,1.34,7.81,2.7,-4.76,-24.6,,,,,,
DS9Bot,7/7/2018 10:20,7/7/2018 17:45,Downstream,Stream,22,110.7,7.6,267.1,,45.8,0.01,0.05,0.05,BDL,,,,,0.06,2.53,0.11,2.173,0.0047,2.1278,0.1976,1.0792,0.0027,6.9641,3.061,2.0374,9.9914,,,,,,,,,,,,,,,,,,,,,,,,,,,-4.39,-23.7,,,,,,
Howler 2,7/2/2018 13:15,7/2/2018 13:15,Downstream,Stream,22,115.9,5.5,350,14,46.5,0.07,0.08,0.12,0.7,7.9,BDL,,BDL,0.19,1.08,0.13,1.9715,0.0229,2.1473,0.3173,0.8891,,6.814,3.1311,1.885,9.36,0.03,0,2.07,0.01,0,7.15,26.53,15.06,365.61,7.93,0.01,0.19,0.8,0,0.02,0.3,0.06,43.3,37.78,99.93,,,2.55,0.3,5.29,2.8,-5.21,-25.3,,,,,,
Howler Monkey 1,6/16/2019 9:30,6/16/2019 9:30,Downstream,Stream,23.5,93.6,7.72,286.2,,49.1,0.342,0,2.178,,7.863,,,,,,,2.1251,BDL,1.3378,0.3147,1.2442,0.0009,9.2848,5.0193,4.0195,12.2749,0.23,0.01,0.02,0.01,0.02,1.49,13.67,5.91,252.16,6943.62,-0.02,0.05,2.08,0.00,0.01,0.16,-0.18,33.78,5.34,75.77,79.84,119.61,2.20,0.14,4.27,2.45,,,,,,,,
Howler Monkey 2,6/20/2019 9:00,6/20/2019 9:00,Downstream,Stream,23.4,5.1,5.56,267.1,,21.3,0.185,0.024,0.329,,8.785,,,,,,,2.3578,BDL,1.2331,0.6564,1.0932,0.0007,7.4285,5.0375,2.9121,9.4855,0.13,0.01,1.84,0.02,0.02,13.64,8.75,4.95,266.52,5269.08,0.00,0.35,11.78,0.01,0.04,0.41,0.01,0.58,6.93,59.55,62.63,122.76,2.14,0.15,3.40,1.78,,,,,,,,
Howler Monkey 3,6/22/2019 9:00,6/22/2019 9:00,Downstream,Stream,22.4,154.6,7.24,209.2,,17.9,0.243,0.02,0.343,,8.358,,,,,,,2.2195,BDL,1.4433,0.5144,1.195,0.0008,9.3524,4.9505,4.4021,12.9831,0.10,0.04,1.40,0.02,0.02,1.34,13.29,6.23,266.35,7149.23,-0.02,0.10,1.62,0.01,0.05,0.15,-0.21,2.08,4.87,78.58,82.43,120.86,2.24,0.17,4.52,2.59,,,,,,,,
Howler Monkey 4,6/25/2019 10:20,6/25/2019 10:20,Downstream,Stream,22.5,27,8.89,-115,,33.4,0.328,0.059,0.364,,8.463,,,,,,,2.3649,BDL,1.56,0.4339,1.2488,0.0012,9.3229,5.0516,4.3775,13.649,0.13,0.13,0.05,0.03,0.02,1.99,12.72,5.85,259.87,7688.43,0.00,0.35,1.97,0.00,0.04,0.13,-0.15,39.89,5.74,80.65,84.75,124.78,2.31,0.24,4.54,2.59,,,,,,,,
Howler Monkey 5,6/27/2019 9:30,6/27/2019 9:30,Downstream,Stream,22.9,201.9,6.7,180.2,,51.5,0.083,0.042,0.244,,8.673,,,,,,,2.3972,BDL,1.5416,0.0831,1.1779,0.0008,9.1933,4.9461,4.3841,13.6282,0.15,0.01,0.03,0.02,0.03,4.20,12.92,6.07,234.99,7393.17,-0.01,0.25,4.96,0.01,0.03,0.19,-0.09,25.51,4.97,81.00,83.99,125.64,2.31,0.22,4.49,2.56,,,,,,,,
Howler Monkey 6,6/30/2019 11:25,6/30/2019 11:25,Downstream,Stream,22.8,199.5,7.55,147.2,,54,0.153,0.012,0.493,,8.454,,,,,,,2.4406,BDL,1.57,0.3359,1.1878,0.0019,9.8175,5.2501,4.4367,13.2438,-0.07,0.11,0.12,0.07,0.02,2.08,12.89,3.74,255.12,7455.79,-0.01,0.10,1.47,0.00,0.04,0.47,-1.04,27.52,3.64,83.37,86.12,123.04,2.37,0.04,4.73,2.67,,,,,,,,
Howler Monkey 7,7/5/2019 9:10,7/5/2019 9:10,Downstream,Stream,22.4,199.3,7.64,216.8,,54.4,0.124,0.06,0.37,,8.631,,,,,,,2.3416,BDL,1.5806,0.3175,1.1913,BDL,9.5256,5.015,4.5014,13.1834,-0.08,0.42,0.02,0.01,0.03,1.35,12.98,6.35,227.29,7295.38,0.00,0.08,3.49,0.00,0.03,0.17,-0.88,5.40,3.73,81.64,84.49,117.13,2.24,-0.04,4.60,2.55,,,,,,,,
Howler monkey 8,7/12/2019 10:15,7/12/2019 10:15,Downstream,Stream,,,,,45,,0.122,,0.438,,7.892,,,,,,,2.468,BDL,1.5573,0.287,1.1642,0.0007,9.6496,4.9612,4.3363,12.8831,0.15,0.18,0.05,0.02,0.11,4.41,13.53,7.00,249.50,6920.65,-0.02,0.24,4.99,0.01,0.01,0.13,-0.21,5.11,4.83,76.45,81.47,122.68,2.15,0.23,4.26,2.50,,,,,,,,
Howler Weir,7/2/2018 13:53,7/2/2018 13:53,Downstream,Stream,22.2,110.8,7,315,43,44.5,,,0.01,BDL,7.65,BDL,,BDL,,0.87,0.1,2.0262,0.0206,2.0665,0.2729,0.8957,,6.2279,2.8911,1.8277,9.0362,0.11,0.28,1.97,0.02,-0.02,7.37,28,13.47,401.16,8.43,0.01,0.89,2.78,0.01,0.03,0.23,0.09,18.59,45.26,104.71,,,2.79,0.31,6.08,3.16,-6.69,-28.1,,,,,,
HW Trib,7/2/2018 14:17,7/2/2018 14:17,Soil,Soil,22.6,71.9,7,261,19,27.5,,,0.03,BDL,6.03,BDL,,,,1.69,1.31,2.3764,0.0134,1.3719,0.0716,0.6523,,5.4554,1.9509,0.8981,4.6966,-0.11,0.01,0.01,0.02,-0.05,7.1,20.4,2.39,350.41,5.14,0.02,1.12,7.27,0.01,0.04,0.4,0.13,56.63,42.44,79.06,,,2.19,0.04,5.98,1.79,-5.55,-27.1,,,,,,
Rain 1,7/8/2018 8:50,7/8/2018 8:50,Rain,Rain,,,,,,,,,0.289,,,,,,,,,2.09,0.058,0.306,0.242,0.66,0.003,5.169,0.109,0.076,0.299,0.05,0.14,0.03,0.2,-0.04,292,5.48,3.04,376.2,0.29,0.64,5.37,10.7,0.63,0.24,1.35,3.42,53.48,12283.6,2.62,,,0.18,1.96,6.71,0.14,-2.44,-10.6,,,,,,
Rain 1 2019,6/11/2019 17:00,6/11/2019 17:00,Rain,Rain,24.3,30,7.63,145.9,,,0.478,0.043,0.335,,5.346,,,,,,,,,,,,,,,,,,,,,,,,,,,,,,,,,,,,,,,,,,,,,,,,,,
Rain 2,7/5/2018 8:50,7/5/2018 8:50,Rain,Rain,23.7,23.4,5.03,412.7,,,,0.061,,,7.323,,,,,,,0.831,0,0.247,0.164,0.413,0.001,2.519,0.142,0.045,0.225,,,,,,,,,,,,,,,,,,,,,,,,,,,-3.21,-12.2,,,,,,
Rain 2 2019,6/12/2019 11:45,6/12/2019 11:45,Rain,Rain,26,13.6,5.84,221.2,,,0.35,0.038,0.302,,7.538,,,,,,,,,,,,,,,,,,,,,,,,,,,,,,,,,,,,,,,,,,,,,,,,,,
Rain 3 2019,6/13/2019 10:00,6/13/2019 10:00,Rain,Rain,23.6,6.1,7.39,182.8,,2,0.129,0.036,0.226,,8.606,,,,,,,0.1016,BDL,0.1532,0.0261,0.0619,0.0001,0.0981,0.2544,0.0105,0.0702,0.55,0.05,0.07,0.03,0.00,-0.46,-0.03,0.43,13.54,-50.56,0.00,0.21,0.30,0.04,0.10,0.57,-0.11,18.72,-0.11,0.21,0.22,-1.15,0.07,0.04,0.05,0.00,,,,,,,,
Rain 4,6/20/2019 8:45,6/20/2019 8:45,Rain,Rain,24.1,5,6.91,244.4,,0.3,0.12,0,0.225,,8.759,,,,,,,0.2492,0.0084,0.2108,0.0939,0.216,0.0009,0.5819,0.7851,0.0768,0.3277,0.28,13.06,1.47,0.15,0.01,0.23,-0.02,0.95,37.73,-31.60,0.00,0.43,2.01,0.05,0.15,1.51,-0.21,9.92,2.78,0.38,0.40,1.72,0.20,0.02,0.12,0.01,,,,,,,,
Rain 5,6/27/2019 11:00,6/27/2019 11:00,Rain,Rain,23.4,30.3,7.06,145.2,,0,0.23,0.052,0.388,,8.295,,,,,,,4.5777,BDL,0.3189,0.4649,0.8419,0.0023,21.3885,1.8807,0.1851,0.2791,0.07,29.27,0.07,0.21,0.01,4.13,0.04,0.60,192.22,248.32,0.01,3.58,110.27,0.13,1.30,2.60,-0.04,39.46,5.91,2.19,2.15,5.84,0.78,0.01,0.99,0.16,,,,,,,,
Rain 6,7/7/2019 13:45,7/7/2019 13:45,Rain,Rain,25.1,13,6.36,199.3,,1.9,,,,,,,,,,,,1.8103,BDL,0.2071,0.4739,0.7317,BDL,1.9432,0.3901,0.1641,0.2178,-0.25,0.11,0.03,0.06,0.02,1.22,-0.02,0.18,190.19,173.54,0.04,1.50,1.44,0.17,0.13,0.55,-1.13,70.68,3.59,1.66,1.66,2.88,0.12,-0.19,0.78,0.09,,,,,,,,
rain 7,7/12/2019 11:45,7/12/2019 11:45,Rain,Rain,24.4,13,,,,1.7,0.032,,1.884,,8.86,,,,,,,0.204,BDL,0.1835,0.0319,0.2331,0.0001,0.3285,0.1808,0.0412,0.1178,0.03,3.80,0.40,0.03,0.09,0.28,-0.03,0.19,55.75,-48.02,0.00,0.46,3.80,0.04,0.04,0.36,-0.21,36.18,0.19,0.24,0.26,-1.53,0.03,0.01,0.10,0.02,,,,,,,,
SP 14,7/7/2019 15:15,7/7/2019 15:15,Spring,Spring,23.3,109.5,7.18,170.1,52,51,0.047,0.078,0.667,,6.537,,,,,,,2.392,BDL,1.7724,0.1355,1.5152,0.0006,9.8025,4.8366,5.1943,14.2852,0.18,0.09,0.25,0.12,0.12,-0.16,14.14,4.49,366.73,7450.11,0.02,0.30,5.13,0.00,0.02,0.29,-0.26,9.95,4.64,79.42,84.27,70.44,2.08,0.24,4.60,2.79,,,,,,,,
SP 20,7/7/2019 14:45,7/7/2019 14:45,Spring,Spring,23.9,98,6.6,189.3,39,46.2,0.288,0.033,0.069,,7.394,,,,,,,2.5256,BDL,1.6272,0.3786,1.169,0.001,8.8446,4.6427,4.413,13.0643,0.73,0.08,0.12,0.05,0.66,2.82,12.01,5.16,262.60,6608.92,0.16,0.78,12.98,0.01,0.10,0.34,0.07,9.88,6.93,69.61,74.42,63.42,1.92,0.22,3.96,2.42,,,,,,,,
SP 30,7/7/2019 15:40,7/7/2019 15:40,Spring,Spring,23.3,113.2,7.73,161.5,53,,0.645,,1.25,,7.58,,,,,,,2.6594,BDL,1.7627,0.1551,1.2542,0.0005,9.808,5.2169,5.1752,14.1717,0.19,0.05,0.02,0.07,0.14,-0.01,14.35,4.68,269.20,7458.67,0.00,3.46,5.46,0.02,0.01,0.47,-0.11,10.59,4.21,78.79,83.35,68.91,2.28,0.18,4.50,2.95,,,,,,,,
SP 32,7/7/2019 16:05,7/7/2019 16:05,Spring,Spring,24,85,3.3,344,30,,0.815,0,1.675,,7.427,,,,,,,3.1391,BDL,1.3582,0.1212,1.0485,0.0011,8.2216,4.342,3.6637,10.3787,0.13,0.13,0.02,0.04,0.09,2.64,11.03,4.76,208.87,5404.81,-0.01,0.99,10.50,0.01,0.02,0.28,-0.05,7.69,4.27,65.02,68.15,90.48,1.79,0.12,3.67,2.04,,,,,,,,
SP 38,7/6/2019 15:35,7/6/2019 15:35,Spring,Spring,22.7,79.4,6.43,153,,38,0.709,0.264,2.358,,7.059,,,,,,,2.4352,BDL,1.3904,0.2045,1.0012,0.0009,8.1866,3.3027,3.5052,9.8248,0.01,0.02,0.02,0.02,0.01,0.71,10.79,3.25,200.36,5982.73,-0.02,3.54,4.20,0.01,0.01,0.30,-0.84,14.70,3.16,66.34,66.67,66.68,1.57,-0.04,4.18,2.22,,,,,,,,
SP 39,7/6/2019 15:55,7/6/2019 15:55,Spring,Spring,23,68,7.32,195,,36.8,0,0.396,,,4.779,,,,,,,2.5804,BDL,1.248,0.2474,0.9619,0.0005,7.9551,3.7002,3.452,9.4291,-0.05,0.04,0.15,0.02,0.02,2.47,9.92,1.48,232.24,5297.04,-0.01,2.18,4.34,0.01,0.01,0.40,-0.90,6.96,3.82,61.79,63.12,79.69,1.65,-0.06,3.77,2.03,,,,,,,,
Sp. Box Sample,7/2/2018 11:23,7/2/2018 11:23,Spring,Spring,22.3,83.1,6.6,307,,32.3,0.13,0.01,0.86,BDL,7.61,BDL,,BDL,0.99,,,,,,,,,,,,,,,,,,,,,,,,,,,,,,,,,,,,,,,,,,,,,,
Sp. Box,7/8/2018 15:59,7/8/2018 17:36,Spring,Spring,,87.5,7.35,,,35.9,0.117,0.03,0.051,,,,1.413,,,0.15,0.16,1.9226,0.0063,1.6569,0.5809,0.6696,0.0076,5.907,2.4412,1.0611,6.0151,-0.13,0,1.77,0.01,-0.05,-0.42,17.68,19.55,250.24,4.78,0.02,0.03,-0.21,0,0.02,0.03,0.01,15.08,44.51,73,,,2.23,0.05,4.9,1.67,-5.34,-25.5,,,,,,
upper weir 1,7/12/2019 9:30,7/12/2019 9:30,Upstream,Stream,,,,,49,,0.064,,0.287,,8.563,,,,,,,2.4512,BDL,1.6684,0.3656,1.2581,0.0009,10.3874,5.7162,4.799,13.5701,0.19,0.00,0.04,0.02,0.12,1.35,14.57,8.83,248.09,7422.58,-0.01,0.80,4.86,0.00,0.02,0.09,-0.12,14.88,4.96,82.74,87.69,134.22,2.33,0.24,4.51,2.64,,,,,,,,
US UP,7/8/2018 13:45,7/8/2018 13:45,Spring,Spring,22.6,96.3,7.3,,,41.4,0.16,0.01,0.04,,,,,,0.2,0.93,0.08,2.6292,0.024,1.8225,0.2262,0.7837,0.0015,10.0458,1.8237,1.5141,8.4745,0.14,2.38,0.03,0.21,-0.03,165.67,25.06,9.55,299.72,6.05,0.35,0.69,60.15,0.01,0.08,0.78,1.29,53.76,5675.69,82.57,,,2.45,1.13,7.23,1.98,-5.11,-27.8,,,,,,
US01,7/6/2018 17:52,7/6/2018 17:52,Upstream,Stream,22,113.4,6.1,307,,41.4,0.53,0.19,0.12,0.1,7.62,,,,0.65,0.41,0.1,1.919,0.0258,2.0233,0.2717,0.8123,,7.4718,2.7995,2.109,10.862,,,,,,,,,,,,,,,,,,,,,,,,,,,-4.85,-25.2,,,,,,
US02,7/6/2018 19:39,7/6/2018 19:39,Upstream,Stream,21.9,118,7,350,,48.8,0.37,0.02,0.48,0.5,8.15,,,,0.85,0.5,0.1,1.9487,0.0364,2.0311,0.0778,0.8304,,7.632,3.4369,2.1078,10.7794,,,,,,,,,,,,,,,,,,,,,,,,,,,-4.73,-23.8,,,,,,
US03,7/6/2018 21:45,7/6/2018 21:45,Upstream,Stream,21.9,119.6,7,338,,50.4,BDL,BDL,0.24,BDL,8.17,,,,,1.91,0.11,1.9347,0.0042,2.1038,0.299,0.8368,,6.4086,3.2721,1.923,9.6787,,,,,,,,,,,,,,,,,,,,,,,,,,,-5.14,-24.9,,,,,,
US04,7/6/2018 23:40,7/6/2018 23:40,Upstream,Stream,21.9,115,7.1,354,,50,0.48,0.25,1.29,BDL,7.34,,,,1.77,0.31,0.11,1.9869,0.0183,2.1697,0.2719,0.8263,,6.4747,3.1192,1.9096,9.6881,,,,,,,,,,,,,,,,,,,,,,,,,,,-4.83,-22.4,,,,,,
US05,7/7/2018 1:38,7/7/2018 1:38,Upstream,Stream,21.9,110.2,7.1,359,,60.8,1.06,0.38,0.42,BDL,8.01,,,,1.48,0.7,0.09,2.0249,0.0049,2.3314,0.3597,1.0827,0.0026,8.6035,2.3841,1.9258,9.9208,,,,,,,,,,,,,,,,,,,,,,,,,,,-4.84,-22.9,,,,,,
US06,7/7/2018 3:53,7/7/2018 3:53,Upstream,Stream,21.9,116.7,7.1,363.3,,47.4,0.09,0.12,0.1,BDL,6.98,,,,0.19,2.1,0.11,2.0286,0.0065,2.3232,0.3448,1.1622,0.0028,9.5082,3.0526,2.0039,10.5015,,,,,,,,,,,,,,,,,,,,,,,,,,,-4.72,-23.8,,,,,,
US07,7/7/2018 5:35,7/7/2018 5:35,Upstream,Stream,21.9,116.8,7.1,365.5,,48.6,0.31,BDL,1.35,BDL,6.76,,,,1.66,0.27,0.11,3.0484,0.0119,2.2883,0.3666,0.9673,0.0022,10.4269,1.9718,1.9185,9.8484,,,,,,,,,,,,,,,,,,,,,,,,,,,-4.45,-23.5,,,,,,
US08,7/7/2018 7:53,7/7/2018 7:53,Upstream,Stream,21.9,116.8,7.1,367.3,,108,BDL,0.2,0.05,0.1,8.165,,,,,1.79,0.18,1.9913,0.0045,2.2944,0.3431,0.9692,0.0015,8.3979,2.7668,2.015,10.1638,,,,,,,,,,,,,,,,,,,,,,,,,,,-4.64,-22.5,,,,,,
US09,7/7/2018 10:20,7/7/2018 11:00,Upstream,Stream,21.9,115.1,7.1,365.2,,41.8,0.08,0.07,0.08,BDL,,,,,0.16,0.62,0.1,2.076,0.015,2.2469,0.2763,1.044,0.0017,9.5217,2.7803,2.0456,10.2941,0.23,15.24,4.14,0.07,0.05,4.13,57.82,31.18,832.7,17.2,0.09,0.61,6.95,0.05,0.14,0.39,0.15,72.72,78.69,219.72,,,5.59,0.69,10.83,5.98,-4.84,-23.4,,,,,,
US10,7/7/2018 11:30,7/7/2018 13:40,Upstream,Stream,,,,,,44.2,0.13,0.07,0.18,BDL,,,,,,1.93,0.13,2.043,0.005,2.262,0.266,0.974,0.002,8.940,3.069,2.067,10.364,0.25,0.66,3.72,0.06,0.05,3.64,57.39,31.92,828.82,17.37,0.06,0.43,3.15,0.02,0.09,0.48,0.15,53.11,102.94,221.34,,,5.57,0.66,11.09,6.02,-4.78,-22.7,,,,,,
US11,7/7/2018 13:30,7/7/2018 14:20,Upstream,Stream,21.9,113,7,366.9,,44.2,0.07,0.03,0.07,BDL,,,,,0.14,1.94,0.18,2.2664,0.0238,1.9248,0.3376,0.9284,0.0023,9.4191,3.1465,1.7849,9.1115,0.15,0.86,3.35,0.04,0.04,22.41,48.74,26.07,871.45,15.16,0.11,0.36,12.58,0.06,0.1,0.78,0.41,37.8,170.9,194.36,,,5.35,0.6,10.07,5.18,-3.66,-18.2,,,,,,
US12,7/7/2018 15:27,7/7/2018 15:27,Upstream,Stream,21.8,114.1,7.1,369.6,,45,0.03,0.04,0.32,BDL,,,,,0.35,1.65,0.09,2.0837,0.0052,2.252,0.2953,1.0886,,7.0614,3.1368,2.0773,10.4623,,,,,,2.17,63.05,27.3,980.11,15.92,0.7,0.06,2.12,0.01,0.11,0.66,0.54,26,11126.84,201.69,,,5.23,0.63,14.95,5.58,-4.5,-24.6,,,,,,
US13,7/7/2018 17:45,7/7/2018 18:25,Upstream,Stream,21.9,115.5,7,362.3,,46.6,0.07,0.02,0.47,BDL,,,2.48,,0.54,0.61,0.12,2.0599,0.0271,2.3841,0.2827,1.3065,0.003,9.6086,3.3174,2.1229,10.5755,,,,,,282.84,60.67,29.53,943.83,16.3,0.87,0.65,9.76,0.03,0.12,1.31,4.09,36.37,13404.54,210.31,,,5.33,0.65,15.7,5.69,-4.62,-23.8,,,,,,
US14,7/7/2018 19:45,7/7/2018 20:39,Upstream,Stream,21.9,116.6,7,369,,51.8,0.07,0.03,0.09,BDL,,,,,0.16,0.62,0.18,2.0054,0.0115,2.1489,0.3536,1.0108,0.0043,10.5043,3.2045,2.1377,10.5961,,,,,,173.12,28.22,13.75,426.86,7.44,0.42,0.24,4.95,0,0.04,0.76,2.52,16.26,8213.21,95.44,,,2.54,0.3,9,2.73,-4.62,-24,,,,,,
US15,7/7/2018 21:30,7/7/2018 22:08,Upstream,Stream,21.8,116.4,7,371.3,,49.2,0.05,0.01,1.45,BDL,,,,,1.5,0.61,0.11,2.1069,0.0138,2.2173,0.3045,1.0925,0.0016,9.959,3.2462,2.153,10.6824,0.01,31.62,1.8,0.04,-0.01,0.89,25.52,13.55,411.09,7.55,0.02,0.3,1.56,0.01,0.04,0.74,0.05,22.43,64.01,95.91,,,2.57,0.27,5.36,2.76,-4.87,-23.8,,,,,,
US16,7/7/2018 23:40,7/7/2018 23:58,Upstream,Stream,21.9,116.2,7,372.7,,49.6,0.44,0.21,0.37,BDL,,,,,0.81,0.71,0.08,2.0207,0.0376,1.9686,0.3078,0.8535,0.0012,8.0565,2.684,1.9961,10.0657,,,,,,139.74,25.64,11.18,345.25,7.12,0.29,0.41,4.77,0,0.05,0.41,1.08,39.23,4700.77,90.08,,,2.49,1.12,6.98,2.61,-4.89,-24.1,,,,,,
US17,7/8/2018 1:50,7/8/2018 1:50,Upstream,Stream,21.8,116.4,7.1,373.3,,49.8,1.41,0.42,0.49,BDL,,,,,1.9,0.3,0.1,1.9655,0.0084,2.0935,0.2585,0.8619,0.0015,9.1939,3.4291,2.1364,10.7815,0.22,0.08,0.03,0.2,0,162,27.78,13.9,856.95,7.32,0.48,0.25,3.76,0,0.06,0.43,1.29,136.18,5615.97,97,,,1.91,1.25,9.97,2.68,-4.83,-23.6,,,,,,
US18,7/8/2018 3:45,7/8/2018 3:50,Upstream,Stream,21.8,116.3,7.1,373.4,,51,0.04,0.06,0.24,BDL,,,,,0.28,13.69,0.1,1.9447,0.0033,1.9217,0.2445,0.8053,0.0013,8.7801,2.6783,2.0779,10.685,0.22,0.69,0.03,0.22,0,175.29,28.34,13.83,352.34,7.61,0.34,0.27,4.06,0.01,0.05,1.19,1.39,27.62,6111.61,95.28,,,2.68,1.28,7.06,2.69,-5.63,-27.6,,,,,,
US19,7/8/2018 6:05,7/8/2018 8:15,Upstream,Stream,21.8,117,7,376.1,,49.6,0.01,0.01,0.05,BDL,,,,,0.06,0.61,0.09,1.9553,0.0169,1.9704,0.3619,0.8322,0.0012,9.1117,2.5424,2.0755,10.485,0.21,0.4,0.03,0.18,0,156.92,27.74,13.65,360.27,7.44,0.29,0.23,3.74,0,0.03,0.38,1.23,42.26,5356.21,94.37,,,2.68,1.32,7.29,2.71,-5.38,-25.6,,,,,,
US20,7/8/2018 7:56,7/8/2018 9:00,Upstream,Stream,21.8,117.7,7.1,376,,51.6,0.04,BDL,0,,,,,,0.04,13.63,0.17,1.9634,0.0052,2.0992,0.2365,0.9128,0.0012,10.331,2.733,2.1189,10.7612,0.2,0.36,0.03,0.2,0,162.9,28.54,14.08,357.52,7.7,0.29,0.22,4.03,0.01,0.04,0.39,1.34,12.26,5491.65,98.02,,,2.69,1.18,6.92,2.71,-5.31,-24.1,,,,,,
US21,7/8/2018 10:00,7/8/2018 10:50,Upstream,Stream,21.8,117.6,7.1,375.9,,50.8,0,0.05,0.03,,,,,,0,0.68,0.1,3.8401,0.012,2.0396,0.4076,0.898,0.0008,12.315,2.1524,2.0743,10.4979,0.23,0.22,0.03,0.21,0,167.74,28.75,14.55,370.5,7.85,0.34,0.19,3.74,0.01,0.04,0.4,1.31,59.38,6149.54,98.65,,,2.76,1.44,8.03,2.7,-6.13,-32.3,,,,,,
US22,7/8/2018 12:00,7/8/2018 0:00,Upstream,Stream,21.9,116.2,7,372.7,,52.4,0.03,0,0.05,,,,,,0.08,0.61,0.09,1.9351,0.0094,2.0565,0.2847,0.8303,0.0012,8.9733,2.9164,2.124,10.8692,0.22,2.65,0.03,0.18,0,147.17,27.67,14.54,365.25,7.74,0.48,0.21,6.67,0.09,0.04,0.36,1.14,126.7,5246.81,96.85,,,2.66,1.23,7.99,2.7,-5.17,-27.1,,,,,,
US23,7/8/2018 13:59,7/8/2018 14:52,Upstream,Stream,21.9,115.9,7,373.5,,50.6,0.15,0,0.05,,,,,,0.2,0.68,0.12,1.9839,0.0287,2.0285,0.3688,0.8667,0.0011,9.4699,3.0689,2.1577,10.9792,0.22,0.1,0.03,0.24,0,166.97,28.81,14.95,370.72,7.58,0.32,0.54,6.2,0.03,0.05,0.63,1.33,37.51,5380.49,96.53,,,2.74,1.34,7.9,2.55,-5.01,-26,,,,,,
US24,7/8/2018 15:40,7/8/2018 16:30,Upstream,Stream,21.9,115.9,7.1,373.9,,49.4,0.1,0.05,0.05,,,,,,0.15,0.63,0.12,1.9842,0.0733,2.0363,0.3475,0.8713,0.0009,9.3371,3.0923,2.1363,10.8724,0.23,0.18,0.03,0.22,0,170.82,27.39,13.67,350.15,7.3,0.35,0.36,3.66,0,0.03,0.49,1.32,37.28,6017.96,92.19,,,2.7,1.31,7.92,2.73,-4.94,-26.3,,,,,,
US25,7/8/2018 17:40,7/8/2018 18:50,Upstream,Stream,21.9,115.7,7.1,375.4,,52.8,0.09,0.02,0.05,,,,0.207,,0.14,0.64,0.09,1.9571,0.0082,1.8773,0.3382,0.7278,0.001,9.3336,3.1734,2.1641,10.8318,0.21,0.15,0.03,0.19,0,179.65,27,14.48,362.52,7.53,0.37,0.28,4.12,0,0.03,0.42,1.39,64.43,5929.23,95.45,,,2.73,1.34,7.88,2.8,-4.91,-23.9,,,,,,
USLB,7/6/2018 20:00,7/6/2018 20:00,Soil,Soil,22.5,129.1,6.8,191,,50,2.48,0.85,0.61,0.1,9.21,,,,3.09,0.35,0.06,1.9443,0.0201,2.2651,0.189,0.9585,0.0021,7.8051,2.9729,2.3521,11.1523,,,,,,,,,,,,,,,,,,,,,,,,,,,-4.76,-25.3,,,,,,
Well 200,7/1/2018 15:06,7/1/2018 15:06,Soil,Soil,22.4,35,5.3,205,,4.6,,,,1,,BDL,,,0,1.48,0,2.1188,,1.3302,0.0294,0.5491,0.001,2.277,0.4472,0.3092,1.8345,-0.13,0.05,0.01,0.01,-0.04,1.47,5.59,0.57,207.3,1.49,0.02,16.7,0.74,0.01,0.26,0.3,0.01,92.15,52.39,17.02,,,0.34,0.01,2.01,0.51,-6.49,-26.9,,,,,,
Well 200a,7/6/2019 11:20,7/6/2019 11:20,Soil,Soil,24.2,165.6,6.2,33,,9,0.159,0.055,0.353,,4.991,,,,,,,,,,,,,,,,,,,,,,,,,,,,,,,,,,,,,,,,,,,,,,,,,,
Well 200b,7/6/2019 11:25,7/6/2019 11:25,Soil,Soil,23.1,89.3,5.69,68,,,,,,,,,,,,,,,,,,,,,,,,,,,,,,,,,,,,,,,,,,,,,,,,,,,,,,,,,
Well 200c,7/6/2019 11:30,7/6/2019 11:30,Soil,Soil,23.1,47.6,5.45,92.1,,,,,,,,,,,,,,,,,,,,,,,,,,,,,,,,,,,,,,,,,,,,,,,,,,,,,,,,,
Well 200d,7/6/2019 11:40,7/6/2019 11:40,Soil,Soil,222.9,28.5,5.18,112,,,,,,,,,,,,,,,,,,,,,,,,,,,,,,,,,,,,,,,,,,,,,,,,,,,,,,,,,
Well 200e,7/6/2019 11:50,7/6/2019 11:50,Soil,Soil,22.9,34.3,5.4,114.3,,,,,,,,,,,,,,2.6326,BDL,1.0797,0.0496,0.5721,0.0025,3.5522,6.0592,0.9503,3.6603,0.57,0.21,0.09,0.02,0.04,0.21,2.26,0.22,122.20,1629.73,-0.02,262.57,32.15,0.38,0.14,0.19,-0.17,14.30,2.70,18.20,18.25,182.46,0.25,0.08,1.62,0.60,,,,,,,,
Well 201 2019,7/6/2019 13:40,7/6/2019 13:40,Soil,Soil,23.5,87.6,6.43,12.7,,99,1.525,0.187,2.301,,,,,,,,,3.4249,0.0646,2.949,0.0458,0.5021,0.0008,4.0053,2.7166,6.2953,28.3608,0.72,0.75,0.08,0.00,0.01,-0.93,4.32,0.38,180.91,20063.97,-0.02,2720.54,336.79,6.20,0.74,0.14,-0.87,22.82,6.24,195.40,197.65,402.02,0.40,0.17,2.13,4.22,,,,,,,,
Well 202,7/1/2018 17:00,7/1/2018 17:00,Soil,Soil,22.2,122.1,4,344,,49.8,,,,3,,BDL,,,0,2.5,0.17,1.9066,0.0788,2.8955,0.4747,1.1097,,6.6354,2.8509,1.9632,10.213,0.15,0.12,3.05,0.07,-0.01,72.61,26.64,8.71,585.05,8.57,0.15,5.55,30.64,0.04,0.46,45.74,1.88,197.73,225.81,104.53,,,1.87,0.37,7.34,3.11,-6.02,-27.1,,,,,,
Well 202 2019,7/6/2019 14:45,7/6/2019 14:45,Soil,Soil,23.5,217.9,6.33,-22.2,,,,,,,,,,,,,,,,,,,,,,,,,,,,,,,,,,,,,,,,,,,,,,,,,,,,,,,,,
Well 203,7/3/2018 9:26,7/3/2018 9:26,Soil,Soil,23,84.9,5.7,354,,28.5,0.92,0.37,0.11,1,7.84,BDL,,,1.03,6.17,0,1.5514,0.0062,1.76,,2.5605,0.0009,3.8446,1.5218,1.3198,8.5819,-0.13,0.16,0.09,1.98,0.26,2899.36,15.37,8.31,1174.43,9.67,1.11,446.91,2593.57,5.75,3.08,59.86,6.53,94.67,171.86,108.26,,,1.12,0.12,5.24,2.6,-5.44,-25.1,,,,,,
Well 205,7/5/2018 15:00,7/5/2018 15:00,Soil,Soil,22.3,108.2,6.6,208,,44.1,0.45,0.33,2.34,BDL,15.99,BDL,,,2.79,2.8,0,2.2126,0.0172,1.9673,0.2114,2.2021,0.0013,6.2936,2.4372,1.8073,10.5651,0.02,0.2,0.04,0.08,-0.02,89.62,23.08,1.83,932.52,7.97,0.04,109.82,87.81,0.13,0.25,0.54,3.2,73.71,105.2,99.21,,,2.14,0.17,4.71,2.5,-4.68,-26.2,,,,,,
Well 205a,7/6/2019 15:00,7/6/2019 15:00,Soil,Soil,23.3,105.1,6.57,37.7,,47,0.423,0.039,,,9.221,,,,,,,,,,,,,,,,,,,,,,,,,,,,,,,,,,,,,,,,,,,,,,,,,,
Well 205b,7/6/2019 16:30,7/6/2019 16:30,Soil,Soil,22.8,96.6,6.48,165,,,,,,,9.25,,,,,,,2.5708,BDL,1.6141,0.3701,1.1348,0.0008,9.4293,5.0617,4.2595,12.6468,0.19,0.67,0.23,0.03,0.03,0.49,12.72,0.85,305.57,6567.67,-0.01,145.93,15.64,0.42,0.23,0.47,-0.87,34.28,4.79,79.40,84.37,86.77,2.15,0.06,4.55,2.24,,,,,,,,
well 206,7/12/2019 16:10,7/12/2019 16:10,Soil,Soil,23.6,55.5,6.35,145.9,18.6,,1.491,0.368,0.64,,7.426,,,,,,,3.2174,BDL,1.0708,0.308,2.3035,0.001,5.5851,1.9264,1.4614,5.1826,0.19,0.06,3.94,0.02,0.09,0.78,4.35,0.83,465.96,2820.45,0.06,15.54,2.26,0.14,0.12,0.40,-0.11,3.04,3.52,30.46,31.18,81.66,0.76,0.03,2.33,0.89,,,,,,,,
