Date,Rain,Rain,DownstreamQ
7/6/18 17:25,0,0,0.001
7/6/18 17:30,0,0,0.001
7/6/18 17:35,0,0,0.001
7/6/18 17:40,0,0,0.0009
7/6/18 17:45,0,0,0.0009
7/6/18 17:50,0,0,0.001
7/6/18 17:55,0,0,0.0011
7/6/18 18:00,0,0,0.0011
7/6/18 18:05,0,0,0.001
7/6/18 18:10,0,0,0.0011
7/6/18 18:15,0,0,0.0011
7/6/18 18:20,0,0,0.0011
7/6/18 18:25,0,0,0.001
7/6/18 18:30,0,0,0.0011
7/6/18 18:35,0,0,0.0013
7/6/18 18:40,0,0,0.001
7/6/18 18:45,0,0,0.0011
7/6/18 18:50,0,0,0.0014
7/6/18 18:55,0,0,0.0011
7/6/18 19:00,0,0,0.001
7/6/18 19:05,0,0,0.0011
7/6/18 19:10,0,0,0.0011
7/6/18 19:15,0,0,0.0011
7/6/18 19:20,0,0,0.0011
7/6/18 19:25,0,0,0.0014
7/6/18 19:30,0,0,0.0011
7/6/18 19:35,0,0,0.0014
7/6/18 19:40,0,0,0.0014
7/6/18 19:45,0,0,0.0013
7/6/18 19:50,0,0,0.001
7/6/18 19:55,0,0,0.001
7/6/18 20:00,0,0,0.0011
7/6/18 20:05,0,0,0.0011
7/6/18 20:10,0,0,0.0014
7/6/18 20:15,0,0,0.0013
7/6/18 20:20,0,0,0.001
7/6/18 20:25,0,0,0.0011
7/6/18 20:30,0,0,0.0014
7/6/18 20:35,0,0,0.0011
7/6/18 20:40,0,0,0.0011
7/6/18 20:45,0,0,0.0011
7/6/18 20:50,0,0,0.001
7/6/18 20:55,0,0,0.001
7/6/18 21:00,0,0,0.001
7/6/18 21:05,0,0,0.001
7/6/18 21:10,0,0,0.0011
7/6/18 21:15,0,0,0.001
7/6/18 21:20,0,0,0.001
7/6/18 21:25,0,0,0.001
7/6/18 21:30,0,0,0.001
7/6/18 21:35,0,0,0.001
7/6/18 21:40,0,0,0.0011
7/6/18 21:45,0,0,0.0011
7/6/18 21:50,0,0,0.0012
7/6/18 21:55,0,0,0.001
7/6/18 22:00,0,0,0.0013
7/6/18 22:05,0,0,0.0013
7/6/18 22:10,0,0,0.001
7/6/18 22:15,0,0,0.001
7/6/18 22:20,0,0,0.001
7/6/18 22:25,0,0,0.0011
7/6/18 22:30,0,0,0.0012
7/6/18 22:35,0,0,0.0011
7/6/18 22:40,0,0,0.0011
7/6/18 22:45,0,0,0.001
7/6/18 22:50,0,0,0.0011
7/6/18 22:55,0,0,0.001
7/6/18 23:00,0,0,0.0011
7/6/18 23:05,0,0,0.0011
7/6/18 23:10,0,0,0.001
7/6/18 23:15,0,0,0.0013
7/6/18 23:20,0,0,0.0014
7/6/18 23:25,0,0,0.0011
7/6/18 23:30,0,0,0.001
7/6/18 23:35,0,0,0.001
7/6/18 23:40,0,0,0.0011
7/6/18 23:45,0,0,0.0011
7/6/18 23:50,0,0,0.0011
7/6/18 23:55,0,0,0.001
7/7/18 0:00,0,0,0.0011
7/7/18 0:05,0,0,0.0011
7/7/18 0:10,0,0,0.0011
7/7/18 0:15,0,0,0.0011
7/7/18 0:20,0,0,0.0011
7/7/18 0:25,0,0,0.0012
7/7/18 0:30,0,0,0.0012
7/7/18 0:35,0,0,0.001
7/7/18 0:40,0,0,0.0011
7/7/18 0:45,0,0,0.0011
7/7/18 0:50,0,0,0.0011
7/7/18 0:55,0,0,0.0011
7/7/18 1:00,0,0,0.0011
7/7/18 1:05,0,0,0.0011
7/7/18 1:10,0,0,0.0011
7/7/18 1:15,0,0,0.001
7/7/18 1:20,0,0,0.0011
7/7/18 1:25,0,0,0.0011
7/7/18 1:30,0,0,0.0012
7/7/18 1:35,0,0,0.0012
7/7/18 1:40,0,0,0.0012
7/7/18 1:45,0,0,0.0012
7/7/18 1:50,0,0,0.0012
7/7/18 1:55,0,0,0.0013
7/7/18 2:00,0,0,0.0011
7/7/18 2:05,0,0,0.0011
7/7/18 2:10,0,0,0.0011
7/7/18 2:15,0,0,0.0011
7/7/18 2:20,0,0,0.0011
7/7/18 2:25,0,0,0.0011
7/7/18 2:30,0,0,0.0013
7/7/18 2:35,0,0,0.0011
7/7/18 2:40,0,0,0.0011
7/7/18 2:45,0,0,0.0014
7/7/18 2:50,0,0,0.0011
7/7/18 2:55,0,0,0.0013
7/7/18 3:00,0,0,0.001
7/7/18 3:05,0,0,0.0011
7/7/18 3:10,0,0,0.0013
7/7/18 3:15,0,0,0.0011
7/7/18 3:20,0,0,0.0011
7/7/18 3:25,0,0,0.0011
7/7/18 3:30,0,0,0.001
7/7/18 3:35,0,0,0.001
7/7/18 3:40,0,0,0.0011
7/7/18 3:45,0,0,0.0011
7/7/18 3:50,0,0,0.0011
7/7/18 3:55,0,0,0.0012
7/7/18 4:00,0,0,0.0011
7/7/18 4:05,0,0,0.0013
7/7/18 4:10,0,0,0.0011
7/7/18 4:15,0,0,0.001
7/7/18 4:20,0,0,0.001
7/7/18 4:25,0,0,0.0011
7/7/18 4:30,0,0,0.001
7/7/18 4:35,0,0,0.0012
7/7/18 4:40,0,0,0.001
7/7/18 4:45,0,0,0.001
7/7/18 4:50,0,0,0.001
7/7/18 4:55,0,0,0.001
7/7/18 5:00,0,0,0.001
7/7/18 5:05,0,0,0.0012
7/7/18 5:10,0,0,0.0011
7/7/18 5:15,0,0,0.0011
7/7/18 5:20,0,0,0.001
7/7/18 5:25,0,0,0.0012
7/7/18 5:30,0,0,0.001
7/7/18 5:35,0,0,0.001
7/7/18 5:40,0,0,0.0011
7/7/18 5:45,0,0,0.0011
7/7/18 5:50,0,0,0.001
7/7/18 5:55,0,0,0.0011
7/7/18 6:00,0,0,0.0011
7/7/18 6:05,0,0,0.001
7/7/18 6:10,0,0,0.001
7/7/18 6:15,0,0,0.001
7/7/18 6:20,0,0,0.001
7/7/18 6:25,0,0,0.001
7/7/18 6:30,0,0,0.001
7/7/18 6:35,0,0,0.001
7/7/18 6:40,0,0,0.001
7/7/18 6:45,0,0,0.001
7/7/18 6:50,0,0,0.0011
7/7/18 6:55,0,0,0.0011
7/7/18 7:00,0,0,0.001
7/7/18 7:05,0,0,0.001
7/7/18 7:10,0,0,0.001
7/7/18 7:15,0,0,0.001
7/7/18 7:20,0,0,0.001
7/7/18 7:25,0,0,0.0009
7/7/18 7:30,0,0,0.0011
7/7/18 7:35,0,0,0.001
7/7/18 7:40,0,0,0.0009
7/7/18 7:45,0,0,0.001
7/7/18 7:50,0,0,0.001
7/7/18 7:55,0,0,0.001
7/7/18 8:00,0,0,0.0011
7/7/18 8:05,0,0,0.001
7/7/18 8:10,0,0,0.001
7/7/18 8:15,0,0,0.001
7/7/18 8:20,0,0,0.0011
7/7/18 8:25,0,0,0.0009
7/7/18 8:30,0,0,0.001
7/7/18 8:35,0,0,0.0011
7/7/18 8:40,0.254,6.4516,0.0011
7/7/18 8:45,0.508,12.9032,0.0013
7/7/18 8:50,0,0,0.0011
7/7/18 8:55,0,0,0.0011
7/7/18 9:00,0,0,0.0011
7/7/18 9:05,0,0,0.001
7/7/18 9:10,0,0,0.001
7/7/18 9:15,0,0,0.0011
7/7/18 9:20,0,0,0.0011
7/7/18 9:25,0.254,6.4516,0.001
7/7/18 9:30,0,0,0.0011
7/7/18 9:35,0.254,6.4516,0.0011
7/7/18 9:40,0,0,0.0011
7/7/18 9:45,0,0,0.001
7/7/18 9:50,0,0,0.0011
7/7/18 9:55,0,0,0.0011
7/7/18 10:00,0,0,0.001
7/7/18 10:05,0,0,0.0011
7/7/18 10:10,0,0,0.0011
7/7/18 10:15,0,0,0.001
7/7/18 10:20,0,0,0.0011
7/7/18 10:25,1.016,25.8064,0.0012
7/7/18 10:30,0.508,12.9032,0.0013
7/7/18 10:35,1.016,25.8064,0.0015
7/7/18 10:40,0,0,0.0015
7/7/18 10:45,0.254,6.4516,0.0013
7/7/18 10:50,0,0,0.0013
7/7/18 10:55,0,0,0.0013
7/7/18 11:00,0,0,0.0012
7/7/18 11:05,0,0,0.0014
7/7/18 11:10,0,0,0.0012
7/7/18 11:15,0,0,0.0013
7/7/18 11:20,0,0,0.0012
7/7/18 11:25,0,0,0.0011
7/7/18 11:30,0,0,0.0011
7/7/18 11:35,0,0,0.0011
7/7/18 11:40,0,0,0.0011
7/7/18 11:45,0,0,0.0011
7/7/18 11:50,0,0,0.0028
7/7/18 11:55,0,0,0.0028
7/7/18 12:00,0,0,0.0014
7/7/18 12:05,0,0,0.0011
7/7/18 12:10,0,0,0.0013
7/7/18 12:15,0,0,0.0015
7/7/18 12:20,0,0,0.0015
7/7/18 12:25,0,0,0.0015
7/7/18 12:30,0,0,0.0015
7/7/18 12:35,0,0,0.0014
7/7/18 12:40,0,0,0.0015
7/7/18 12:45,0,0,0.0016
7/7/18 12:50,0,0,0.0016
7/7/18 12:55,0,0,0.0016
7/7/18 13:00,0,0,0.0014
7/7/18 13:05,0,0,0.0016
7/7/18 13:10,0,0,0.0016
7/7/18 13:15,0,0,0.0017
7/7/18 13:20,0.762,19.3548,0.0026
7/7/18 13:25,2.54,64.516,0.0038
7/7/18 13:30,2.032,51.6128,0.0037
7/7/18 13:35,0.508,12.9032,0.0026
7/7/18 13:40,0.508,12.9032,0.0023
7/7/18 13:45,0.254,6.4516,0.002
7/7/18 13:50,0.254,6.4516,0.0018
7/7/18 13:55,0,0,0.0017
7/7/18 14:00,0.254,6.4516,0.0017
7/7/18 14:05,0,0,0.0016
7/7/18 14:10,0,0,0.0015
7/7/18 14:15,0,0,0.0014
7/7/18 14:20,0,0,0.0013
7/7/18 14:25,0,0,0.0013
7/7/18 14:30,0,0,0.0012
7/7/18 14:35,0.254,6.4516,0.0012
7/7/18 14:40,0.254,6.4516,0.0011
7/7/18 14:45,0.254,6.4516,0.0011
7/7/18 14:50,0.762,19.3548,0.0012
7/7/18 14:55,0.254,6.4516,0.0012
7/7/18 15:00,0,0,0.0012
7/7/18 15:05,0,0,0.0012
7/7/18 15:10,0.254,6.4516,0.0012
7/7/18 15:15,0,0,0.0011
7/7/18 15:20,0.254,6.4516,0.0011
7/7/18 15:25,0,0,0.0011
7/7/18 15:30,0,0,0.0011
7/7/18 15:35,0,0,0.001
7/7/18 15:40,0,0,0.001
7/7/18 15:45,0,0,0.001
7/7/18 15:50,0,0,0.001
7/7/18 15:55,0,0,0.0011
7/7/18 16:00,0,0,0.001
7/7/18 16:05,0,0,0.001
7/7/18 16:10,0,0,0.0011
7/7/18 16:15,0,0,0.001
7/7/18 16:20,0,0,0.001
7/7/18 16:25,0,0,0.0009
7/7/18 16:30,0,0,0.0009
7/7/18 16:35,0,0,0.0009
7/7/18 16:40,0,0,0.0009
7/7/18 16:45,0,0,0.0009
7/7/18 16:50,0,0,0.0009
7/7/18 16:55,0,0,0.0009
7/7/18 17:00,0,0,0.0009
7/7/18 17:05,0,0,0.0009
7/7/18 17:10,0,0,0.0009
7/7/18 17:15,0,0,0.000917
7/7/18 17:20,0,0,0.000921
7/7/18 17:25,0,0,0.000853
7/7/18 17:30,0,0,0.001431
7/7/18 17:35,0,0,0.001012
7/7/18 17:40,0,0,0.000791
7/7/18 17:45,0,0,0.000816
7/7/18 17:50,0,0,0.000992
7/7/18 17:55,0,0,0.00084
7/7/18 18:00,0,0,0.000825
7/7/18 18:05,0,0,0.000766
7/7/18 18:10,0,0,0.000774
7/7/18 18:15,0,0,0.000771
7/7/18 18:20,0,0,0.00075
7/7/18 18:25,0,0,0.000768
7/7/18 18:30,0,0,0.000774
7/7/18 18:35,0,0,0.000836
7/7/18 18:40,0,0,0.000803
7/7/18 18:45,0,0,0.000874
7/7/18 18:50,0,0,0.000711
7/7/18 18:55,0,0,0.000724
7/7/18 19:00,0,0,0.000702
7/7/18 19:05,0,0,0.000688
7/7/18 19:10,0,0,0.000718
7/7/18 19:15,0,0,0.000832
7/7/18 19:20,0,0,0.000676
7/7/18 19:25,0,0,0.00066
7/7/18 19:30,0,0,0.000673
7/7/18 19:35,0,0,0.000609
7/7/18 19:40,0,0,0.000633
7/7/18 19:45,0,0,0.000584
7/7/18 19:50,0,0,0.000646
7/7/18 19:55,0,0,0.00063
7/7/18 20:00,0,0,0.000626
7/7/18 20:05,0,0,0.000731
7/7/18 20:10,0,0,0.000612
7/7/18 20:15,0,0,0.000644
7/7/18 20:20,0,0,0.000651
7/7/18 20:25,0,0,0.000655
7/7/18 20:30,0,0,0.000687
7/7/18 20:35,0,0,0.000628
7/7/18 20:40,0,0,0.000649
7/7/18 20:45,0,0,0.000596
7/7/18 20:50,0,0,0.000689
7/7/18 20:55,0,0,0.000551
7/7/18 21:00,0,0,0.000587
7/7/18 21:05,0,0,0.000677
7/7/18 21:10,0,0,0.000608
7/7/18 21:15,0,0,0.000822
7/7/18 21:20,0,0,0.0006
7/7/18 21:25,0,0,0.000586
7/7/18 21:30,0,0,0.000604
7/7/18 21:35,0,0,0.00058
7/7/18 21:40,0,0,0.000577
7/7/18 21:45,0,0,0.000614
7/7/18 21:50,0,0,0.000627
7/7/18 21:55,0,0,0.000625
7/7/18 22:00,0,0,0.000621
7/7/18 22:05,0,0,0.000585
7/7/18 22:10,0,0,0.00058
7/7/18 22:15,0,0,0.000652
7/7/18 22:20,0,0,0.000636
7/7/18 22:25,0,0,0.00062
7/7/18 22:30,0,0,0.00069
7/7/18 22:35,0,0,0.000592
7/7/18 22:40,0,0,0.000624
7/7/18 22:45,0,0,0.000623
7/7/18 22:50,0,0,0.000725
7/7/18 22:55,0,0,0.000601
7/7/18 23:00,0,0,0.000665
7/7/18 23:05,0,0,0.000578
7/7/18 23:10,0,0,0.000573
7/7/18 23:15,0,0,0.000627
7/7/18 23:20,0,0,0.00066
7/7/18 23:25,0,0,0.000594
7/7/18 23:30,0,0,0.000615
7/7/18 23:35,0,0,0.000637
7/7/18 23:40,0,0,0.000621
7/7/18 23:45,0,0,0.000682
7/7/18 23:50,0,0,0.000608
7/7/18 23:55,0,0,0.000602
7/8/18 0:00,0,0,0.00067
7/8/18 0:05,0,0,0.000663
7/8/18 0:10,0,0,0.000665
7/8/18 0:15,0,0,0.000729
7/8/18 0:20,0,0,0.00074
7/8/18 0:25,0,0,0.000685
7/8/18 0:30,0,0,0.000687
7/8/18 0:35,0,0,0.000737
7/8/18 0:40,0,0,0.000744
7/8/18 0:45,0,0,0.00067
7/8/18 0:50,0.254,6.4516,0.000668
7/8/18 0:55,0.254,6.4516,0.000888
7/8/18 1:00,0,0,0.000654
7/8/18 1:05,0,0,0.000684
7/8/18 1:10,0,0,0.000663
7/8/18 1:15,0,0,0.000646
7/8/18 1:20,0,0,0.000698
7/8/18 1:25,0,0,0.000675
7/8/18 1:30,0,0,0.00069
7/8/18 1:35,0,0,0.000678
7/8/18 1:40,0,0,0.000602
7/8/18 1:45,0,0,0.000612
7/8/18 1:50,0,0,0.000602
7/8/18 1:55,0,0,0.000586
7/8/18 2:00,0,0,0.000573
7/8/18 2:05,0,0,0.000573
7/8/18 2:10,0,0,0.000603
7/8/18 2:15,0,0,0.000511
7/8/18 2:20,0,0,0.000492
7/8/18 2:25,0,0,0.000528
7/8/18 2:30,0,0,0.000572
7/8/18 2:35,0,0,0.000573
7/8/18 2:40,0,0,0.000675
7/8/18 2:45,0,0,0.000567
7/8/18 2:50,0,0,0.000652
7/8/18 2:55,0,0,0.000623
7/8/18 3:00,0,0,0.0008
7/8/18 3:05,0,0,0.000536
7/8/18 3:10,0.254,6.4516,0.000523
7/8/18 3:15,0.254,6.4516,0.000547
7/8/18 3:20,0,0,0.000678
7/8/18 3:25,0,0,0.000645
7/8/18 3:30,0.762,19.3548,0.00061
7/8/18 3:35,0.254,6.4516,0.000738
7/8/18 3:40,0,0,0.000682
7/8/18 3:45,0,0,0.000643
7/8/18 3:50,0,0,0.000649
7/8/18 3:55,0,0,0.000602
7/8/18 4:00,0,0,0.000624
7/8/18 4:05,0,0,0.000663
7/8/18 4:10,0.254,6.4516,0.000609
7/8/18 4:15,0.254,6.4516,0.000676
7/8/18 4:20,0,0,0.000697
7/8/18 4:25,0,0,0.000621
7/8/18 4:30,0,0,0.000588
7/8/18 4:35,0,0,0.000566
7/8/18 4:40,0,0,0.000585
7/8/18 4:45,0,0,0.000568
7/8/18 4:50,0,0,0.00063
7/8/18 4:55,0,0,0.000597
7/8/18 5:00,0,0,0.000595
7/8/18 5:05,0,0,0.000537
7/8/18 5:10,0,0,0.00056
7/8/18 5:15,0,0,0.000579
7/8/18 5:20,0,0,0.000604
7/8/18 5:25,0.254,6.4516,0.000616
7/8/18 5:30,0.254,6.4516,0.00057
7/8/18 5:35,0.254,6.4516,0.000563
7/8/18 5:40,0,0,0.000537
7/8/18 5:45,0,0,0.000539
7/8/18 5:50,0,0,0.000585
7/8/18 5:55,0,0,0.000671
7/8/18 6:00,0,0,0.000575
7/8/18 6:05,0,0,0.000584
7/8/18 6:10,0,0,0.000639
7/8/18 6:15,0,0,0.000655
7/8/18 6:20,0,0,0.00062
7/8/18 6:25,0,0,0.000663
7/8/18 6:30,0,0,0.000615
7/8/18 6:35,0,0,0.000697
7/8/18 6:40,0,0,0.000772
7/8/18 6:45,0,0,0.000669
7/8/18 6:50,0.508,12.9032,0.00071
7/8/18 6:55,0.254,6.4516,0.000823
7/8/18 7:00,0.254,6.4516,0.000836
7/8/18 7:05,0.254,6.4516,0.000953
7/8/18 7:10,0.762,19.3548,0.000899
7/8/18 7:15,0.254,6.4516,0.000818
7/8/18 7:20,0,0,0.000812
7/8/18 7:25,0,0,0.000867
7/8/18 7:30,0,0,0.000813
7/8/18 7:35,0,0,0.000753
7/8/18 7:40,0,0,0.000902
7/8/18 7:45,0,0,0.000722
7/8/18 7:50,0,0,0.000715
7/8/18 7:55,0,0,0.000726
7/8/18 8:00,0,0,0.000716
7/8/18 8:05,0,0,0.000724
7/8/18 8:10,0,0,0.000688
7/8/18 8:15,0,0,0.000718
7/8/18 8:20,0,0,0.000692
7/8/18 8:25,0,0,0.000808
7/8/18 8:30,0,0,0.000641
7/8/18 8:35,0,0,0.000664
7/8/18 8:40,0.254,6.4516,0.000653
7/8/18 8:45,0,0,0.00068
7/8/18 8:50,0,0,0.000582
7/8/18 8:55,0,0,0.000616
7/8/18 9:00,0,0,0.000738
7/8/18 9:05,0,0,0.000682
7/8/18 9:10,0,0,0.000696
7/8/18 9:15,0,0,0.000765
7/8/18 9:20,0,0,0.000613
7/8/18 9:25,0,0,0.000636
7/8/18 9:30,0,0,0.000771
7/8/18 9:35,0,0,0.000603
7/8/18 9:40,0,0,0.000593
7/8/18 9:45,0,0,0.000667
7/8/18 9:50,0,0,0.000601
7/8/18 9:55,0,0,0.000586
7/8/18 10:00,0,0,0.000617
7/8/18 10:05,0,0,0.00065
7/8/18 10:10,0,0,0.00066
7/8/18 10:15,0,0,0.000663
7/8/18 10:20,0,0,0.000759
7/8/18 10:25,0,0,0.000616
7/8/18 10:30,0,0,0.000579
7/8/18 10:35,0,0,0.000621
7/8/18 10:40,0,0,0.000627
7/8/18 10:45,0,0,0.00078
7/8/18 10:50,0,0,0.000814
7/8/18 10:55,0,0,0.000661
7/8/18 11:00,0,0,0.000619
7/8/18 11:05,0,0,0.000635
7/8/18 11:10,0,0,0.000612
7/8/18 11:15,0,0,0.000645
7/8/18 11:20,0,0,0.000621
7/8/18 11:25,0,0,0.000631
7/8/18 11:30,0,0,0.000691
7/8/18 11:35,0,0,0.000703
7/8/18 11:40,0,0,0.000687
7/8/18 11:45,0,0,0.000731
7/8/18 11:50,0,0,0.000622
7/8/18 11:55,0,0,0.00069
7/8/18 12:00,0,0,0.000972
7/8/18 12:05,0,0,0.000751
7/8/18 12:10,0,0,0.000859
7/8/18 12:15,0,0,0.000769
7/8/18 12:20,0,0,0.00072
7/8/18 12:25,0,0,0.000623
7/8/18 12:30,0,0,0.000677
7/8/18 12:35,0,0,0.00063
7/8/18 12:40,0,0,0.000596
7/8/18 12:45,0,0,0.000622
7/8/18 12:50,0,0,0.00066
7/8/18 12:55,0,0,0.000834
7/8/18 13:00,0,0,0.000732
7/8/18 13:05,0,0,0.000752
7/8/18 13:10,0,0,0.000912
7/8/18 13:15,0,0,0.000796
7/8/18 13:20,0,0,0.000743
7/8/18 13:25,0,0,0.000643
7/8/18 13:30,0,0,0.000889
7/8/18 13:35,0,0,0.000864
7/8/18 13:40,0,0,0.000863
7/8/18 13:45,0,0,0.00075
7/8/18 13:50,0,0,0.000949
7/8/18 13:55,0,0,0.000806
7/8/18 14:00,0,0,0.000891
7/8/18 14:05,0,0,0.000919
7/8/18 14:10,0,0,0.000927
7/8/18 14:15,0,0,0.000832
7/8/18 14:20,0,0,0.000937
7/8/18 14:25,0,0,0.000995
7/8/18 14:30,0,0,0.000946
7/8/18 14:35,0,0,0.000908
7/8/18 14:40,0,0,0.000751
7/8/18 14:45,0,0,0.000868
7/8/18 14:50,0,0,0.000921
7/8/18 14:55,0,0,0.000766
7/8/18 15:00,0,0,0.000888
7/8/18 15:05,0,0,0.00079
7/8/18 15:10,0,0,0.000763
7/8/18 15:15,0.254,6.4516,0.000749
7/8/18 15:20,0,0,0.000784
7/8/18 15:25,0.508,12.9032,0.000907
7/8/18 15:30,0.254,6.4516,0.000732
7/8/18 15:35,0.254,6.4516,0.000807
7/8/18 15:40,0,0,0.000657
7/8/18 15:45,0,0,0.000642
7/8/18 15:50,0,0,0.000743
7/8/18 15:55,0,0,0.000723
7/8/18 16:00,0,0,0.000689
7/8/18 16:05,0.254,6.4516,0.000834
7/8/18 16:10,0,0,0.000629
7/8/18 16:15,0.254,6.4516,0.000629
7/8/18 16:20,0,0,0.000613
7/8/18 16:25,0,0,0.000589
7/8/18 16:30,0,0,0.00079
7/8/18 16:35,0,0,0.000786
7/8/18 16:40,0,0,0.000605
7/8/18 16:45,0,0,0.000611
7/8/18 16:50,0,0,0.000633
7/8/18 16:55,0,0,0.000759
7/8/18 17:00,0,0,0.000775
7/8/18 17:05,0,0,0.000645
7/8/18 17:10,0,0,0.000595
7/8/18 17:15,0,0,0.000636
7/8/18 17:20,0,0,0.000669
7/8/18 17:25,0,0,0.000642
7/8/18 17:30,0,0,0.000652
7/8/18 17:35,0,0,0.000585
7/8/18 17:40,0,0,0.000598
7/8/18 17:45,0,0,0.000611
7/8/18 17:50,0,0,0.000628
7/8/18 17:55,0,0,0.000659
7/8/18 18:00,0,0,0.000621
7/8/18 18:05,0,0,0.000612
7/8/18 18:10,0,0,0.000639
7/8/18 18:15,0,0,0.000655
7/8/18 18:20,0,0,0.000642
7/8/18 18:25,0,0,0.000646
7/8/18 18:30,0,0,0.000755
7/8/18 18:35,0,0,0.000594
7/8/18 18:40,0,0,0.000616
7/8/18 18:45,0,0,0.000702
7/8/18 18:50,0,0,0.00063
7/8/18 18:55,0,0,0.000651
7/8/18 19:00,0,0,0.000593
7/8/18 19:05,0,0,0.000551
7/8/18 19:10,0,0,0.000566
7/8/18 19:15,0,0,0.000571
7/8/18 19:20,0,0,0.000631
7/8/18 19:25,0,0,0.000784
7/8/18 19:30,0,0,0.000556
7/8/18 19:35,0,0,0.000612
7/8/18 19:40,0,0,0.000615
7/8/18 19:45,0,0,0.000559
7/8/18 19:50,0,0,0.000627
7/8/18 19:55,0,0,0.000603
7/8/18 20:00,0,0,0.000582
7/8/18 20:05,0,0,0.000761
7/8/18 20:10,0,0,0.000587
7/8/18 20:15,0,0,0.000718
7/8/18 20:20,0,0,0.000649
7/8/18 20:25,0,0,0.000563
7/8/18 20:30,0,0,0.000732
7/8/18 20:35,0,0,0.000583
7/8/18 20:40,0,0,0.000702
7/8/18 20:45,0,0,0.000565
7/8/18 20:50,0,0,0.000741
7/8/18 20:55,0,0,0.000622
7/8/18 21:00,0,0,0.000636
7/8/18 21:05,0,0,0.000597
7/8/18 21:10,0,0,0.000607
7/8/18 21:15,0,0,0.00058
7/8/18 21:20,0,0,0.000579
7/8/18 21:25,0,0,0.000546
7/8/18 21:30,0,0,0.000556
7/8/18 21:35,0,0,0.000578
7/8/18 21:40,0,0,0.000643
7/8/18 21:45,0,0,0.000591
7/8/18 21:50,0,0,0.000536
7/8/18 21:55,0,0,0.000536
7/8/18 22:00,0,0,0.000545
7/8/18 22:05,0,0,0.000639
7/8/18 22:10,0,0,0.000578
7/8/18 22:15,0,0,0.000619
7/8/18 22:20,0,0,0.000599
7/8/18 22:25,0,0,0.000747
7/8/18 22:30,0,0,0.000698
7/8/18 22:35,0,0,0.000525
7/8/18 22:40,0,0,0.000557
7/8/18 22:45,0,0,0.000554
7/8/18 22:50,0,0,0.000557
7/8/18 22:55,0,0,0.000539
7/8/18 23:00,0,0,0.000583
7/8/18 23:05,0,0,0.000632
7/8/18 23:10,0,0,0.000623
7/8/18 23:15,0,0,0.000533
7/8/18 23:20,0,0,0.000622
7/8/18 23:25,0,0,0.000505
7/8/18 23:30,0,0,0.000559
7/8/18 23:35,0,0,0.000534
7/8/18 23:40,0,0,0.000538
7/8/18 23:45,0,0,0.000772
7/8/18 23:50,0,0,0.000604
7/8/18 23:55,0,0,0.000624
7/9/18 0:00,0,0,0.000599
7/9/18 0:05,0,0,0.000736
7/9/18 0:10,0,0,0.000605
7/9/18 0:15,0,0,0.00073
7/9/18 0:20,0,0,0.000759
7/9/18 0:25,0,0,0.000559
7/9/18 0:30,0,0,0.000529
7/9/18 0:35,0,0,0.000558
7/9/18 0:40,0,0,0.000567
7/9/18 0:45,0,0,0.000722
7/9/18 0:50,0,0,0.000563
7/9/18 0:55,0,0,0.000541
7/9/18 1:00,0,0,0.000574
7/9/18 1:05,0,0,0.000554
7/9/18 1:10,0,0,0.000556
7/9/18 1:15,0,0,0.00058
7/9/18 1:20,0,0,0.000581
7/9/18 1:25,0,0,0.000587
7/9/18 1:30,0,0,0.000565
7/9/18 1:35,0,0,0.000585
7/9/18 1:40,0,0,0.000553
7/9/18 1:45,0,0,0.000529
7/9/18 1:50,0,0,0.000621
7/9/18 1:55,0,0,0.000595
7/9/18 2:00,0,0,0.000624
7/9/18 2:05,0,0,0.00059
7/9/18 2:10,0,0,0.000701
7/9/18 2:15,0,0,0.000548
7/9/18 2:20,0,0,0.000597
7/9/18 2:25,0,0,0.000686
7/9/18 2:30,0,0,0.000673
7/9/18 2:35,0,0,0.000629
7/9/18 2:40,0,0,0.000566
7/9/18 2:45,0,0,0.000596
7/9/18 2:50,0,0,0.000559
7/9/18 2:55,0,0,0.000595
7/9/18 3:00,0,0,0.000707
7/9/18 3:05,0,0,0.000595
7/9/18 3:10,0,0,0.000564
7/9/18 3:15,0,0,0.000567
7/9/18 3:20,0,0,0.000606
7/9/18 3:25,0,0,0.000653
7/9/18 3:30,0,0,0.000696
7/9/18 3:35,0,0,0.000606
7/9/18 3:40,0,0,0.000558
7/9/18 3:45,0,0,0.000532
7/9/18 3:50,0,0,0.000634
7/9/18 3:55,0,0,0.000519
7/9/18 4:00,0,0,0.000507
7/9/18 4:05,0,0,0.000517
7/9/18 4:10,0,0,0.000545
7/9/18 4:15,0,0,0.000548
7/9/18 4:20,0,0,0.000621
7/9/18 4:25,0,0,0.00051
7/9/18 4:30,0,0,0.000644
7/9/18 4:35,0,0,0.000587
7/9/18 4:40,0,0,0.000502
7/9/18 4:45,0,0,0.000515
7/9/18 4:50,0,0,0.000639
7/9/18 4:55,0,0,0.000537
7/9/18 5:00,0,0,0.00064
7/9/18 5:05,0,0,0.000666
7/9/18 5:10,0,0,0.000583
7/9/18 5:15,0,0,0.000556
7/9/18 5:20,0,0,0.000572
7/9/18 5:25,0,0,0.000601
7/9/18 5:30,0,0,0.000625
7/9/18 5:35,0,0,0.000638
7/9/18 5:40,0,0,0.000558
7/9/18 5:45,0,0,0.000594
7/9/18 5:50,0,0,0.000593
7/9/18 5:55,0,0,0.000613
7/9/18 6:00,0,0,0.00055
7/9/18 6:05,0,0,0.000596
7/9/18 6:10,0,0,0.000635
7/9/18 6:15,0,0,0.000595
7/9/18 6:20,0,0,0.000605
7/9/18 6:25,0,0,0.000747
7/9/18 6:30,0,0,0.000571
7/9/18 6:35,0,0,0.000637
7/9/18 6:40,0,0,0.000571
7/9/18 6:45,0,0,0.000683
7/9/18 6:50,0,0,0.000673
7/9/18 6:55,0,0,0.000624
7/9/18 7:00,0,0,0.000763
7/9/18 7:05,0,0,0.000653
7/9/18 7:10,0,0,0.000685
7/9/18 7:15,0,0,0.000675
7/9/18 7:20,0,0,0.00063
7/9/18 7:25,0,0,0.000649
7/9/18 7:30,0,0,0.00075
7/9/18 7:35,0,0,0.00054
7/9/18 7:40,0,0,0.000631
7/9/18 7:45,0,0,0.00066
7/9/18 7:50,0,0,0.000669
7/9/18 7:55,0,0,0.000568
7/9/18 8:00,0,0,0.000717
7/9/18 8:05,0,0,0.000777
7/9/18 8:10,0,0,0.000724
7/9/18 8:15,0,0,0.000714
7/9/18 8:20,0,0,0.000654
7/9/18 8:25,0,0,0.000647
7/9/18 8:30,0,0,0.000641
7/9/18 8:35,0,0,0.000613
7/9/18 8:40,0,0,0.000604
7/9/18 8:45,0,0,0.000634
7/9/18 8:50,0,0,0.000593
7/9/18 8:55,0,0,0.000719
7/9/18 9:00,0,0,0.000592
7/9/18 9:05,0,0,0.000964
7/9/18 9:10,0,0,0.000869
7/9/18 9:15,0,0,0.001057
7/9/18 9:20,0,0,0.001188
7/9/18 9:25,0,0,0.000891
7/9/18 9:30,0,0,0.000791
7/9/18 9:35,0,0,0.000877
7/9/18 9:40,0,0,0.000735
7/9/18 9:45,0,0,0.000739
7/9/18 9:50,0,0,0.000889
7/9/18 9:55,0,0,0.000789
7/9/18 10:00,0,0,0.000771
7/9/18 10:05,0,0,0.000954
7/9/18 10:10,0,0,0.00088
7/9/18 10:15,0,0,0.00082
7/9/18 10:20,0,0,0.000832
7/9/18 10:25,0,0,0.00072
7/9/18 10:30,0,0,0.000855
7/9/18 10:35,0,0,0.000885
7/9/18 10:40,0,0,0.000808
7/9/18 10:45,0,0,0.000796
7/9/18 10:50,0,0,0.000881
7/9/18 10:55,0,0,0.000878
7/9/18 11:00,0,0,0.000838
7/9/18 11:05,0,0,0.000811
7/9/18 11:10,0,0,0.000715
7/9/18 11:15,0,0,0.000886
7/9/18 11:20,0,0,0.000766
7/9/18 11:25,0,0,0.000823
7/9/18 11:30,0,0,0.000644
7/9/18 11:35,0,0,0.000764
7/9/18 11:40,0,0,0.000711
7/9/18 11:45,0,0,0.000788
7/9/18 11:50,0,0,0.000736
7/9/18 11:55,0,0,0.000813
7/9/18 12:00,0,0,0.000777
7/9/18 12:05,0,0,0.000831
7/9/18 12:10,0,0,0.000806
7/9/18 12:15,0,0,0.000775
7/9/18 12:20,0,0,0.000634
7/9/18 12:25,0,0,0.000837
7/9/18 12:30,0,0,0.000798
7/9/18 12:35,0,0,0.00084
7/9/18 12:40,0,0,0.0009
7/9/18 12:45,0,0,0.000725
7/9/18 12:50,0,0,0.000761
7/9/18 12:55,0,0,0.000672
7/9/18 13:00,0,0,0.000841
7/9/18 13:05,0,0,0.000728
7/9/18 13:10,0,0,0.000769
7/9/18 13:15,0,0,0.000868
7/9/18 13:20,0,0,0.000864
7/9/18 13:25,0,0,0.000928
7/9/18 13:30,0,0,0.00079
7/9/18 13:35,0,0,0.000811
7/9/18 13:40,0,0,0.000882
7/9/18 13:45,0,0,0.000958
7/9/18 13:50,0,0,0.000957
7/9/18 13:55,0,0,0.000835
7/9/18 14:00,0,0,0.000853
7/9/18 14:05,0.254,6.4516,0.000835
7/9/18 14:10,0.508,12.9032,0.000792
7/9/18 14:15,0,0,0.00072
7/9/18 14:20,0,0,0.000703
7/9/18 14:25,0,0,0.000657
7/9/18 14:30,0,0,0.000733
7/9/18 14:35,0.254,6.4516,0.000592
7/9/18 14:40,0,0,0.000669
7/9/18 14:45,0,0,0.000597
7/9/18 14:50,0,0,0.000657
7/9/18 14:55,0,0,0.000752
7/9/18 15:00,0,0,0.000601
7/9/18 15:05,0,0,0.000627
7/9/18 15:10,0,0,0.000664
7/9/18 15:15,0,0,0.000668
7/9/18 15:20,0,0,0.000635
7/9/18 15:25,0,0,0.000582
7/9/18 15:30,0,0,0.00056
7/9/18 15:35,0,0,0.00074
7/9/18 15:40,0,0,0.000758
7/9/18 15:45,0,0,0.00065
7/9/18 15:50,0,0,0.000727
7/9/18 15:55,0,0,0.000698
7/9/18 16:00,0,0,0.000609
7/9/18 16:05,0,0,0.000756
7/9/18 16:10,0,0,0.000507
7/9/18 16:15,0,0,0.000675
7/9/18 16:20,0,0,0.000735
7/9/18 16:25,0,0,0.000701
7/9/18 16:30,0,0,0.000686
7/9/18 16:35,0,0,0.00068
7/9/18 16:40,0,0,0.000784
7/9/18 16:45,0,0,0.000734
7/9/18 16:50,0,0,0.000746
7/9/18 16:55,0,0,0.000735
7/9/18 17:00,0,0,0.000754
7/9/18 17:05,0,0,0.000749
7/9/18 17:10,0,0,0.000718
7/9/18 17:15,0,0,0.000792
7/9/18 17:20,0,0,0.000783
7/9/18 17:25,0,0,0.000846
7/9/18 17:30,0,0,0.000867
7/9/18 17:35,0,0,0.00081
7/9/18 17:40,0,0,0.000625
7/9/18 17:45,0,0,0.000618
7/9/18 17:50,0,0,0.000717
7/9/18 17:55,0.254,6.4516,0.000617
7/9/18 18:00,0,0,0.000697
7/9/18 18:05,0.508,12.9032,0.000676
7/9/18 18:10,0.762,19.3548,0.000781
7/9/18 18:15,1.016,25.8064,0.000871
7/9/18 18:20,0,0,0.0008
7/9/18 18:25,0,0,0.000873
7/9/18 18:30,0,0,0.000657
7/9/18 18:35,0.254,6.4516,0.000635
7/9/18 18:40,0,0,0.000763
7/9/18 18:45,0,0,0.000738
7/9/18 18:50,0,0,0.000615
7/9/18 18:55,0,0,0.000599
7/9/18 19:00,0,0,0.000619
7/9/18 19:05,0,0,0.000563
7/9/18 19:10,0,0,0.000554
7/9/18 19:15,0,0,0.000649
7/9/18 19:20,0,0,0.000614
7/9/18 19:25,0,0,0.000579
7/9/18 19:30,0,0,0.00052
7/9/18 19:35,0,0,0.000563
7/9/18 19:40,0,0,0.000574
7/9/18 19:45,0,0,0.000565
7/9/18 19:50,0,0,0.000513
7/9/18 19:55,0,0,0.000546
7/9/18 20:00,0,0,0.000598
7/9/18 20:05,0,0,0.000544
7/9/18 20:10,0,0,0.000529
7/9/18 20:15,0,0,0.000535
7/9/18 20:20,0,0,0.000535
7/9/18 20:25,0,0,0.000492
7/9/18 20:30,0,0,0.000507
7/9/18 20:35,0,0,0.000504
7/9/18 20:40,0,0,0.000507
7/9/18 20:45,0,0,0.0005
7/9/18 20:50,0,0,0.000588
7/9/18 20:55,0,0,0.000557
7/9/18 21:00,0,0,0.000533
7/9/18 21:05,0,0,0.000626
7/9/18 21:10,0,0,0.000528
7/9/18 21:15,0,0,0.000502
7/9/18 21:20,0,0,0.000506
7/9/18 21:25,0,0,0.000553
7/9/18 21:30,0,0,0.00057
7/9/18 21:35,0,0,0.000494
7/9/18 21:40,0,0,0.000503
7/9/18 21:45,0,0,0.000505
7/9/18 21:50,0,0,0.000502
7/9/18 21:55,0,0,0.000542
7/9/18 22:00,0,0,0.000652
7/9/18 22:05,0.254,6.4516,0.000551
7/9/18 22:10,0,0,0.000513
7/9/18 22:15,0,0,0.000551
7/9/18 22:20,0,0,0.000551
7/9/18 22:25,0,0,0.000554
7/9/18 22:30,0,0,0.000522
7/9/18 22:35,0,0,0.000562
7/9/18 22:40,0,0,0.000569
7/9/18 22:45,0,0,0.000532
7/9/18 22:50,0,0,0.000523
7/9/18 22:55,0,0,0.000509
7/9/18 23:00,0,0,0.000516
7/9/18 23:05,0.254,6.4516,0.000525
7/9/18 23:10,0.254,6.4516,0.000511
7/9/18 23:15,0.254,6.4516,0.000571
7/9/18 23:20,0,0,0.000626
7/9/18 23:25,0.254,6.4516,0.000614
7/9/18 23:30,0.254,6.4516,0.000624
7/9/18 23:35,0,0,0.000716
7/9/18 23:40,0.254,6.4516,0.000589
7/9/18 23:45,0.254,6.4516,0.000588
7/9/18 23:50,0.254,6.4516,0.000682
7/9/18 23:55,0,0,0.000634
7/10/18 0:00,0.254,6.4516,0.000618
7/10/18 0:05,0.254,6.4516,0.000712
7/10/18 0:10,0,0,0.000647
7/10/18 0:15,0,0,0.000702
7/10/18 0:20,0,0,0.000604
7/10/18 0:25,0,0,0.000625
7/10/18 0:30,0,0,0.000603
7/10/18 0:35,0,0,0.000513
7/10/18 0:40,0,0,0.000663
7/10/18 0:45,0,0,0.000728
7/10/18 0:50,0,0,0.000607
7/10/18 0:55,0,0,0.000678
7/10/18 1:00,0,0,0.000675
7/10/18 1:05,0,0,0.000608
7/10/18 1:10,0,0,0.000651
7/10/18 1:15,0,0,0.000617
7/10/18 1:20,0,0,0.000696
7/10/18 1:25,0,0,0.000647
7/10/18 1:30,0,0,0.000633
7/10/18 1:35,0,0,0.00061
7/10/18 1:40,0,0,0.00059
7/10/18 1:45,0,0,0.000635
7/10/18 1:50,0,0,0.000649
7/10/18 1:55,0,0,0.000647
7/10/18 2:00,0,0,0.000602
7/10/18 2:05,0,0,0.000605
7/10/18 2:10,0,0,0.000601
7/10/18 2:15,0,0,0.000577
7/10/18 2:20,0,0,0.000642
7/10/18 2:25,0,0,0.000613
7/10/18 2:30,0,0,0.000589
7/10/18 2:35,0,0,0.000661
7/10/18 2:40,0,0,0.000606
7/10/18 2:45,0,0,0.000675
7/10/18 2:50,0,0,0.000558
7/10/18 2:55,0,0,0.000595
7/10/18 3:00,0,0,0.000592
7/10/18 3:05,0,0,0.000783
7/10/18 3:10,0,0,0.00061
7/10/18 3:15,0,0,0.000618
7/10/18 3:20,0,0,0.000596
7/10/18 3:25,0.254,6.4516,0.000617
7/10/18 3:30,0,0,0.000592
7/10/18 3:35,0,0,0.000675
7/10/18 3:40,0,0,0.000563
7/10/18 3:45,0,0,0.000643
7/10/18 3:50,0,0,0.000591
7/10/18 3:55,0,0,0.000547
7/10/18 4:00,0,0,0.00066
7/10/18 4:05,0,0,0.00053
7/10/18 4:10,0,0,0.000694
7/10/18 4:15,0,0,0.000556
7/10/18 4:20,0,0,0.000659
7/10/18 4:25,0,0,0.000575
7/10/18 4:30,0,0,0.000564
7/10/18 4:35,0,0,0.000736
7/10/18 4:40,1.27,32.258,0.000667
7/10/18 4:45,0.508,12.9032,0.000685
7/10/18 4:50,0,0,0.000662
7/10/18 4:55,0,0,0.000692
7/10/18 5:00,0,0,0.000727
7/10/18 5:05,0.508,12.9032,0.000893
7/10/18 5:10,0.508,12.9032,0.000779
7/10/18 5:15,0.254,6.4516,0.000749
7/10/18 5:20,0,0,0.000775
7/10/18 5:25,0,0,0.000723
7/10/18 5:30,0,0,0.00069
7/10/18 5:35,0,0,0.000673
7/10/18 5:40,0,0,0.000677
7/10/18 5:45,0,0,0.000623
7/10/18 5:50,0,0,0.000589
7/10/18 5:55,0,0,0.000622
7/10/18 6:00,0,0,0.00066
7/10/18 6:05,0.254,6.4516,0.000756
7/10/18 6:10,0,0,0.000611
7/10/18 6:15,0,0,0.000561
7/10/18 6:20,0,0,0.000534
7/10/18 6:25,0,0,0.000559
7/10/18 6:30,0,0,0.000599
7/10/18 6:35,0,0,0.000549
7/10/18 6:40,0,0,0.000583
7/10/18 6:45,0,0,0.000586
7/10/18 6:50,0,0,0.000557
7/10/18 6:55,0,0,0.000533
7/10/18 7:00,0,0,0.000539
7/10/18 7:05,0,0,0.000627
7/10/18 7:10,0,0,0.000484
7/10/18 7:15,0,0,0.00049
7/10/18 7:20,0,0,0.000508
7/10/18 7:25,0,0,0.000487
7/10/18 7:30,0,0,0.000507
7/10/18 7:35,0,0,0.000586
7/10/18 7:40,0,0,0.000658
7/10/18 7:45,0,0,0.000545
7/10/18 7:50,0,0,0.000577
7/10/18 7:55,0,0,0.000553
7/10/18 8:00,0,0,0.000561
7/10/18 8:05,0,0,0.000585
7/10/18 8:10,0,0,0.000531
7/10/18 8:15,0,0,0.000616
7/10/18 8:20,0,0,0.000555
7/10/18 8:25,0,0,0.000553
7/10/18 8:30,0,0,0.000541
7/10/18 8:35,0,0,0.000588
7/10/18 8:40,0,0,0.000493
7/10/18 8:45,0,0,0.000545
7/10/18 8:50,0,0,0.000522
7/10/18 8:55,0,0,0.000496
7/10/18 9:00,0,0,0.000505
7/10/18 9:05,0,0,0.000676
7/10/18 9:10,0,0,0.000625
7/10/18 9:15,0,0,0.000674
7/10/18 9:20,0.508,12.9032,0.00068
7/10/18 9:25,0,0,0.000514
7/10/18 9:30,0,0,0.000745
7/10/18 9:35,0.508,12.9032,0.00057
7/10/18 9:40,0.508,12.9032,0.000589
7/10/18 9:45,0,0,0.000658
7/10/18 9:50,0,0,0.000586
7/10/18 9:55,0,0,0.000602
7/10/18 10:00,0,0,0.000649
7/10/18 10:05,0,0,0.000647
7/10/18 10:10,0,0,0.000552
7/10/18 10:15,0,0,0.000731
7/10/18 10:20,0,0,0.00067
7/10/18 10:25,0,0,0.000603
7/10/18 10:30,0,0,0.000644
7/10/18 10:35,0,0,0.000656
7/10/18 10:40,0,0,0.000512
7/10/18 10:45,0,0,0.000485
7/10/18 10:50,0,0,0.000597
7/10/18 10:55,0,0,0.000509
7/10/18 11:00,0,0,0.000663
7/10/18 11:05,0,0,0.000562
7/10/18 11:10,0,0,0.000563
7/10/18 11:15,0,0,0.000683
7/10/18 11:20,0,0,0.000594
7/10/18 11:25,0,0,0.000671
7/10/18 11:30,0,0,0.000562
7/10/18 11:35,0,0,0.000688
7/10/18 11:40,0,0,0.000719
7/10/18 11:45,0,0,0.000764
7/10/18 11:50,0,0,0.000623
7/10/18 11:55,0,0,0.000805
7/10/18 12:00,0,0,0.000663
7/10/18 12:05,0,0,0.000771
7/10/18 12:10,0,0,0.000772
7/10/18 12:15,0,0,0.000728
7/10/18 12:20,0,0,0.000757
7/10/18 12:25,0,0,0.000737
7/10/18 12:30,0,0,0.00067
7/10/18 12:35,0,0,0.000573
7/10/18 12:40,0,0,0.000749
7/10/18 12:45,0,0,0.000757
7/10/18 12:50,0,0,0.000794
7/10/18 12:55,0,0,0.000738
7/10/18 13:00,0,0,0.000747
7/10/18 13:05,0,0,0.000785
7/10/18 13:10,0,0,0.000645
7/10/18 13:15,0,0,0.000583
7/10/18 13:20,0,0,0.000792
7/10/18 13:25,0,0,0.000719
7/10/18 13:30,0,0,0.000768
7/10/18 13:35,0,0,0.000727
7/10/18 13:40,0,0,0.0008
7/10/18 13:45,0,0,0.000742
7/10/18 13:50,0,0,0.000644
7/10/18 13:55,0,0,0.000651
7/10/18 14:00,0,0,0.000852
7/10/18 14:05,0,0,0.000625
7/10/18 14:10,0,0,0.000656
7/10/18 14:15,0,0,0.000805
7/10/18 14:20,0,0,0.000778
7/10/18 14:25,0,0,0.000771
7/10/18 14:30,0,0,0.000911
7/10/18 14:35,0,0,0.000961
7/10/18 14:40,0,0,0.000845
7/10/18 14:45,0,0,0.000893
7/10/18 14:50,0,0,0.000937
7/10/18 14:55,0,0,0.000883
7/10/18 15:00,0,0,0.00094
7/10/18 15:05,0,0,0.001008
7/10/18 15:10,0,0,0.000863
7/10/18 15:15,0,0,0.000967
7/10/18 15:20,0,0,0.000881
7/10/18 15:25,0,0,0.000889
7/10/18 15:30,0,0,0.000857
7/10/18 15:35,0,0,0.000921
7/10/18 15:40,0,0,0.000907
7/10/18 15:45,0,0,0.000786
7/10/18 15:50,0,0,0.000825
7/10/18 15:55,0,0,0.000846
7/10/18 16:00,0,0,0.000809
7/10/18 16:05,0,0,0.000792
7/10/18 16:10,0.254,6.4516,0.000716
7/10/18 16:15,0,0,0.000721
7/10/18 16:20,0,0,0.000715
7/10/18 16:25,0,0,0.000775
7/10/18 16:30,0,0,0.000796
7/10/18 16:35,0,0,0.000827
7/10/18 16:40,0,0,0.000832
7/10/18 16:45,0,0,0.000701
7/10/18 16:50,0,0,0.000646
7/10/18 16:55,0,0,0.000742
7/10/18 17:00,0,0,0.000665
7/10/18 17:05,0,0,0.000568
7/10/18 17:10,0,0,0.0006
7/10/18 17:15,0,0,0.00063
7/10/18 17:20,0,0,0.000654
7/10/18 17:25,0,0,0.000866
7/10/18 17:30,0.762,19.3548,0.000779
7/10/18 17:35,0.762,19.3548,0.000799
7/10/18 17:40,0.254,6.4516,0.000807
7/10/18 17:45,0,0,0.000742
7/10/18 17:50,0,0,0.000769
7/10/18 17:55,0,0,0.000753
7/10/18 18:00,0,0,0.000796
7/10/18 18:05,0,0,0.000703
7/10/18 18:10,0,0,0.000754
7/10/18 18:15,0,0,0.00079
7/10/18 18:20,0,0,0.000735
7/10/18 18:25,0,0,0.000852
7/10/18 18:30,0,0,0.000684
7/10/18 18:35,0,0,0.000709
7/10/18 18:40,0,0,0.000845
7/10/18 18:45,0,0,0.000589
7/10/18 18:50,0,0,0.000614
7/10/18 18:55,0,0,0.000796
7/10/18 19:00,0,0,0.000613
7/10/18 19:05,0,0,0.000801
7/10/18 19:10,0,0,0.000676
7/10/18 19:15,0,0,0.000877
7/10/18 19:20,0,0,0.000791
7/10/18 19:25,0.508,12.9032,0.000856
7/10/18 19:30,0.508,12.9032,0.000877
7/10/18 19:35,0.254,6.4516,0.000783
7/10/18 19:40,0,0,0.000732
7/10/18 19:45,0.254,6.4516,0.000714
7/10/18 19:50,0,0,0.000731
7/10/18 19:55,0,0,0.001031
7/10/18 20:00,0,0,0.001165
7/10/18 20:05,0,0,0.000994
7/10/18 20:10,0,0,0.00096
7/10/18 20:15,0,0,0.001146
7/10/18 20:20,0,0,0.000986
7/10/18 20:25,0,0,0.000959
7/10/18 20:30,0,0,0.000945
7/10/18 20:35,0,0,0.00091
7/10/18 20:40,0,0,0.00093
7/10/18 20:45,0,0,0.000919
7/10/18 20:50,0,0,0.000891
7/10/18 20:55,0,0,0.000862
7/10/18 21:00,0,0,0.000933
7/10/18 21:05,0,0,0.000968
7/10/18 21:10,0,0,0.000845
7/10/18 21:15,0,0,0.000833
7/10/18 21:20,0,0,0.000837
7/10/18 21:25,0,0,0.000899
7/10/18 21:30,0,0,0.000984
7/10/18 21:35,0,0,0.000947
7/10/18 21:40,0,0,0.000861
7/10/18 21:45,0,0,0.000923
7/10/18 21:50,0,0,0.000812
7/10/18 21:55,0,0,0.000925
7/10/18 22:00,0,0,0.000871
7/10/18 22:05,0,0,0.00079
7/10/18 22:10,0,0,0.00079
7/10/18 22:15,0.254,6.4516,0.000926
7/10/18 22:20,0,0,0.000928
7/10/18 22:25,0,0,0.00101
7/10/18 22:30,0,0,0.00086
7/10/18 22:35,0,0,0.00084
7/10/18 22:40,0,0,0.00097
7/10/18 22:45,0,0,0.000913
7/10/18 22:50,0,0,0.000945
7/10/18 22:55,0,0,0.000937
7/10/18 23:00,0,0,0.000894
7/10/18 23:05,0,0,0.000835
7/10/18 23:10,0,0,0.000887
7/10/18 23:15,0,0,0.00086
7/10/18 23:20,0,0,0.000848
7/10/18 23:25,0,0,0.000879
7/10/18 23:30,0,0,0.000798
7/10/18 23:35,0,0,0.00083
7/10/18 23:40,0,0,0.000884
7/10/18 23:45,0.254,6.4516,0.000952
7/10/18 23:50,0,0,0.000909
7/10/18 23:55,0,0,0.000884
7/11/18 0:00,0,0,0.000886
7/11/18 0:05,0,0,0.000923
7/11/18 0:10,0,0,0.000988
7/11/18 0:15,0,0,0.000881
7/11/18 0:20,0,0,0.000879
7/11/18 0:25,0,0,0.000876
7/11/18 0:30,0,0,0.000868
7/11/18 0:35,0.254,6.4516,0.000904
7/11/18 0:40,0,0,0.000944
7/11/18 0:45,0,0,0.000994
7/11/18 0:50,0,0,0.000884
7/11/18 0:55,0,0,0.000987
7/11/18 1:00,0,0,0.000908
7/11/18 1:05,0,0,0.000961
7/11/18 1:10,0,0,0.000938
7/11/18 1:15,0,0,0.000962
7/11/18 1:20,0,0,0.000973
7/11/18 1:25,0,0,0.000917
7/11/18 1:30,0,0,0.000958
7/11/18 1:35,0,0,0.000942
7/11/18 1:40,0,0,0.000974
7/11/18 1:45,0,0,0.000916
7/11/18 1:50,0,0,0.000983
7/11/18 1:55,0,0,0.000929
7/11/18 2:00,0,0,0.000951
7/11/18 2:05,0,0,0.000933
7/11/18 2:10,0,0,0.000895
7/11/18 2:15,0,0,0.00089
7/11/18 2:20,0,0,0.00092
7/11/18 2:25,0,0,0.000899
7/11/18 2:30,0,0,0.000902
7/11/18 2:35,0,0,0.000964
7/11/18 2:40,0,0,0.00101
7/11/18 2:45,0,0,0.000864
7/11/18 2:50,0,0,0.000917
7/11/18 2:55,0,0,0.001007
7/11/18 3:00,0,0,0.000889
7/11/18 3:05,0,0,0.000889
7/11/18 3:10,0,0,0.000918
7/11/18 3:15,0,0,0.000948
7/11/18 3:20,0,0,0.001196
7/11/18 3:25,0,0,0.001014
7/11/18 3:30,0,0,0.001073
7/11/18 3:35,0,0,0.001043
7/11/18 3:40,0,0,0.001009
7/11/18 3:45,0.254,6.4516,0.001202
7/11/18 3:50,1.27,32.258,0.001361
7/11/18 3:55,1.016,25.8064,0.00136
7/11/18 4:00,0.254,6.4516,0.001396
7/11/18 4:05,0.508,12.9032,0.001238
7/11/18 4:10,0.254,6.4516,0.001317
7/11/18 4:15,0,0,0.001154
7/11/18 4:20,0,0,0.001188
7/11/18 4:25,0,0,0.001147
7/11/18 4:30,0,0,0.001111
7/11/18 4:35,0.254,6.4516,0.001146
7/11/18 4:40,0,0,0.00119
7/11/18 4:45,0,0,0.001169
7/11/18 4:50,0,0,0.00114
7/11/18 4:55,0,0,0.001142
7/11/18 5:00,0,0,0.001087
7/11/18 5:05,0,0,0.00135
7/11/18 5:10,0,0,0.001127
7/11/18 5:15,0,0,0.001159
7/11/18 5:20,0,0,0.0011
7/11/18 5:25,0.254,6.4516,0.001048
7/11/18 5:30,0,0,0.001059
7/11/18 5:35,0,0,0.001111
7/11/18 5:40,0,0,0.001136
7/11/18 5:45,0,0,0.001187
7/11/18 5:50,0,0,0.001182
7/11/18 5:55,0,0,0.001456
7/11/18 6:00,0.254,6.4516,0.00115
7/11/18 6:05,0,0,0.001141
7/11/18 6:10,0,0,0.001184
7/11/18 6:15,0,0,0.001053
7/11/18 6:20,0,0,0.001436
7/11/18 6:25,0,0,0.001446
7/11/18 6:30,0,0,0.001259
7/11/18 6:35,0,0,0.001379
7/11/18 6:40,0,0,0.001331
7/11/18 6:45,0,0,0.001277
7/11/18 6:50,0,0,0.001334
7/11/18 6:55,0,0,0.001342
7/11/18 7:00,0,0,0.001393
7/11/18 7:05,0,0,0.001502
7/11/18 7:10,0,0,0.001365
7/11/18 7:15,0,0,0.001359
7/11/18 7:20,0,0,0.001394
7/11/18 7:25,0,0,0.00135
7/11/18 7:30,0,0,0.00132
7/11/18 7:35,0,0,0.001393
7/11/18 7:40,0.254,6.4516,0.001312
7/11/18 7:45,0.254,6.4516,0.001343
7/11/18 7:50,0,0,0.001355
7/11/18 7:55,0.254,6.4516,0.001385
7/11/18 8:00,0.254,6.4516,0.001365
7/11/18 8:05,0,0,0.001317
7/11/18 8:10,0,0,0.001341
7/11/18 8:15,0,0,0.001536
7/11/18 8:20,0,0,0.001431
7/11/18 8:25,0,0,0.001436
7/11/18 8:30,0,0,0.001373
7/11/18 8:35,0,0,0.001339
7/11/18 8:40,0,0,0.001338
7/11/18 8:45,0,0,0.001387
7/11/18 8:50,0,0,0.001416
7/11/18 8:55,0,0,0.001516
7/11/18 9:00,0,0,0.00153
7/11/18 9:05,0,0,0.001474
7/11/18 9:10,0,0,0.001481
7/11/18 9:15,0,0,0.001716
7/11/18 9:20,0,0,0.001566
7/11/18 9:25,0,0,0.001518
7/11/18 9:30,0,0,0.001564
7/11/18 9:35,0,0,0.001457
7/11/18 9:40,0,0,0.001314
7/11/18 9:45,0,0,0.001554
7/11/18 9:50,0.508,12.9032,0.001735
7/11/18 9:55,0.508,12.9032,0.001791
7/11/18 10:00,0.254,6.4516,0.001761
7/11/18 10:05,0.508,12.9032,0.001714
7/11/18 10:10,0.254,6.4516,0.001692
7/11/18 10:15,0.254,6.4516,0.001753
7/11/18 10:20,0,0,0.001659
7/11/18 10:25,0.254,6.4516,0.001833
7/11/18 10:30,0.254,6.4516,0.002018
7/11/18 10:35,0.762,19.3548,0.002075
7/11/18 10:40,0.508,12.9032,0.002203
7/11/18 10:45,0.254,6.4516,0.002212
7/11/18 10:50,0.508,12.9032,0.002227
7/11/18 10:55,0.508,12.9032,0.002163
7/11/18 11:00,0.508,12.9032,0.002068
7/11/18 11:05,0,0,0.002036
7/11/18 11:10,0.254,6.4516,0.001999
7/11/18 11:15,0.254,6.4516,0.001961
7/11/18 11:20,0.254,6.4516,0.001898
7/11/18 11:25,0,0,0.001888
7/11/18 11:30,0.254,6.4516,0.001974
7/11/18 11:35,0,0,0.002043
7/11/18 11:40,0,0,0.001977
7/11/18 11:45,0,0,0.002001
7/11/18 11:50,0.254,6.4516,0.001999
7/11/18 11:55,0,0,0.001988
7/11/18 12:00,0,0,0.001921
7/11/18 12:05,0,0,0.002045
7/11/18 12:10,0,0,0.0018
7/11/18 12:15,0.254,6.4516,0.001884
7/11/18 12:20,0,0,0.001944
7/11/18 12:25,0,0,0.001814
7/11/18 12:30,0,0,0.001716
7/11/18 12:35,0,0,0.001828
7/11/18 12:40,0,0,0.001662
7/11/18 12:45,0,0,0.001675
7/11/18 12:50,0,0,0.001588
7/11/18 12:55,0,0,0.001697
7/11/18 13:00,0,0,0.00153
7/11/18 13:05,0,0,0.00164
7/11/18 13:10,0,0,0.001882
7/11/18 13:15,0,0,0.001959
7/11/18 13:20,0,0,0.001526
7/11/18 13:25,0,0,0.001585
7/11/18 13:30,0,0,0.001812
7/11/18 13:35,0,0,0.001602
7/11/18 13:40,0,0,0.001678
7/11/18 13:45,0,0,0.001737
7/11/18 13:50,0,0,0.001962
7/11/18 13:55,0,0,0.001829
7/11/18 14:00,0,0,0.001938
7/11/18 14:05,0,0,0.001783
7/11/18 14:10,0,0,0.001846
7/11/18 14:15,0,0,0.002052
7/11/18 14:20,0,0,0.001926
7/11/18 14:25,0,0,0.002043
7/11/18 14:30,0,0,0.001975
7/11/18 14:35,0,0,0.002001
7/11/18 14:40,0,0,0.00196
7/11/18 14:45,0,0,0.002036
7/11/18 14:50,0,0,0.002056
7/11/18 14:55,0,0,0.001969
7/11/18 15:00,0,0,0.002074
7/11/18 15:05,0,0,0.002033
7/11/18 15:10,0,0,0.00202
7/11/18 15:15,0,0,0.002159
7/11/18 15:20,0,0,0.002094
7/11/18 15:25,0,0,0.002086
7/11/18 15:30,0,0,0.002158
7/11/18 15:35,0,0,0.002059
7/11/18 15:40,0,0,0.001632
7/11/18 15:45,0,0,0.001647
7/11/18 15:50,0,0,0.001789
7/11/18 15:55,0,0,0.001708
7/11/18 16:00,0,0,0.001655
7/11/18 16:05,0,0,0.001847
7/11/18 16:10,0,0,0.001875
7/11/18 16:15,0,0,0.001832
7/11/18 16:20,0.254,6.4516,0.001774
7/11/18 16:25,0,0,0.001716
7/11/18 16:30,0,0,0.001529
7/11/18 16:35,0,0,0.001676
7/11/18 16:40,0,0,0.001762
7/11/18 16:45,0,0,0.001905
7/11/18 16:50,0,0,0.001755
7/11/18 16:55,0,0,0.00173
7/11/18 17:00,0,0,0.001616
7/11/18 17:05,0,0,0.001663
7/11/18 17:10,0,0,0.000888
7/11/18 17:15,0,0,0.000829
7/11/18 17:20,0,0,0.000743
7/11/18 17:25,0,0,0.000763
7/11/18 17:30,0,0,0.000757
7/11/18 17:35,0,0,0.000776
7/11/18 17:40,0,0,0.000812
7/11/18 17:45,0,0,0.000647
7/11/18 17:50,0,0,0.000607
7/11/18 17:55,0,0,0.000663
7/11/18 18:00,0,0,0.00068
7/11/18 18:05,0,0,0.000648
7/11/18 18:10,0,0,0.000722
7/11/18 18:15,0,0,0.000686
7/11/18 18:20,0,0,0.00069
7/11/18 18:25,0,0,0.00071
7/11/18 18:30,0,0,0.000686
7/11/18 18:35,0,0,0.000651
7/11/18 18:40,0,0,0.000626
7/11/18 18:45,0,0,0.000613
7/11/18 18:50,0,0,0.000641
7/11/18 18:55,0,0,0.000686
7/11/18 19:00,0,0,0.000673
7/11/18 19:05,0,0,0.000601
7/11/18 19:10,0,0,0.000638
7/11/18 19:15,0,0,0.000595
7/11/18 19:20,0,0,0.000615
7/11/18 19:25,0,0,0.000599
7/11/18 19:30,0,0,0.000568
7/11/18 19:35,0,0,0.0006
7/11/18 19:40,0,0,0.00056
7/11/18 19:45,0,0,0.000543
7/11/18 19:50,0,0,0.000581
7/11/18 19:55,0,0,0.000554
7/11/18 20:00,0,0,0.000576
7/11/18 20:05,0,0,0.000547
7/11/18 20:10,0,0,0.000546
7/11/18 20:15,0,0,0.000503
7/11/18 20:20,0,0,0.000557
7/11/18 20:25,0,0,0.000542
7/11/18 20:30,0,0,0.000508
7/11/18 20:35,0,0,0.000474
7/11/18 20:40,0,0,0.000488
7/11/18 20:45,0,0,0.00053
7/11/18 20:50,0,0,0.000526
7/11/18 20:55,0,0,0.000475
7/11/18 21:00,0,0,0.000484
7/11/18 21:05,0,0,0.000472
7/11/18 21:10,0,0,0.000478
7/11/18 21:15,0,0,0.000492
7/11/18 21:20,0,0,0.000495
7/11/18 21:25,0,0,0.000484
7/11/18 21:30,0,0,0.000498
7/11/18 21:35,0,0,0.000504
7/11/18 21:40,0,0,0.000503
7/11/18 21:45,0,0,0.000491
7/11/18 21:50,0,0,0.000535
7/11/18 21:55,0,0,0.000431
7/11/18 22:00,0,0,0.000473
7/11/18 22:05,0,0,0.000497
7/11/18 22:10,0,0,0.000453
7/11/18 22:15,0,0,0.000458
7/11/18 22:20,0,0,0.000452
7/11/18 22:25,0,0,0.000598
7/11/18 22:30,0,0,0.000462
7/11/18 22:35,0,0,0.000501
7/11/18 22:40,0,0,0.000454
7/11/18 22:45,0,0,0.0005
7/11/18 22:50,0,0,0.000483
7/11/18 22:55,0,0,0.000459
7/11/18 23:00,0,0,0.000522
7/11/18 23:05,0,0,0.000469
7/11/18 23:10,0,0,0.000467
7/11/18 23:15,0,0,0.000405
7/11/18 23:20,0,0,0.000536
7/11/18 23:25,0,0,0.000469
7/11/18 23:30,0,0,0.000488
7/11/18 23:35,0,0,0.00061
7/11/18 23:40,0,0,0.000455
7/11/18 23:45,0,0,0.000436
7/11/18 23:50,0,0,0.000479
7/11/18 23:55,0,0,0.000383
7/12/18 0:00,0,0,0.000443
7/12/18 0:05,0,0,0.000464
7/12/18 0:10,0,0,0.000531
7/12/18 0:15,0,0,0.000499
7/12/18 0:20,0,0,0.00061
7/12/18 0:25,0,0,0.000454
7/12/18 0:30,0,0,0.000487
7/12/18 0:35,0,0,0.000442
7/12/18 0:40,0,0,0.000438
7/12/18 0:45,0,0,0.000434
7/12/18 0:50,0,0,0.00046
7/12/18 0:55,0,0,0.000482
7/12/18 1:00,0,0,0.000512
7/12/18 1:05,0,0,0.000454
7/12/18 1:10,0,0,0.000442
7/12/18 1:15,0,0,0.00044
7/12/18 1:20,0,0,0.000452
7/12/18 1:25,0,0,0.000545
7/12/18 1:30,0,0,0.000517
7/12/18 1:35,0,0,0.000457
7/12/18 1:40,0,0,0.000466
7/12/18 1:45,0,0,0.000463
7/12/18 1:50,0,0,0.000509
7/12/18 1:55,0,0,0.000641
7/12/18 2:00,0,0,0.000566
7/12/18 2:05,0,0,0.000669
7/12/18 2:10,0,0,0.00057
7/12/18 2:15,0,0,0.000597
7/12/18 2:20,0,0,0.000591
7/12/18 2:25,0,0,0.000679
7/12/18 2:30,0,0,0.000673
7/12/18 2:35,0,0,0.000614
7/12/18 2:40,0,0,0.000608
7/12/18 2:45,0,0,0.000737
7/12/18 2:50,0,0,0.000733
7/12/18 2:55,0,0,0.000612
7/12/18 3:00,0,0,0.000666
7/12/18 3:05,0,0,0.000716
7/12/18 3:10,0,0,0.000702
7/12/18 3:15,0,0,0.00066
7/12/18 3:20,0,0,0.000631
7/12/18 3:25,0,0,0.000632
7/12/18 3:30,0,0,0.000627
7/12/18 3:35,0,0,0.000592
7/12/18 3:40,0,0,0.000633
7/12/18 3:45,0,0,0.000606
7/12/18 3:50,0,0,0.000594
7/12/18 3:55,0,0,0.000604
7/12/18 4:00,0,0,0.000589
7/12/18 4:05,0,0,0.000605
7/12/18 4:10,0,0,0.0007
7/12/18 4:15,0,0,0.000576
7/12/18 4:20,0,0,0.000604
7/12/18 4:25,0,0,0.000593
7/12/18 4:30,0,0,0.000655
7/12/18 4:35,0,0,0.000624
7/12/18 4:40,0,0,0.000627
7/12/18 4:45,0,0,0.000604
7/12/18 4:50,0,0,0.000621
7/12/18 4:55,0,0,0.000545
7/12/18 5:00,0,0,0.000639
7/12/18 5:05,0,0,0.00067
7/12/18 5:10,0,0,0.000609
7/12/18 5:15,0,0,0.000563
7/12/18 5:20,0,0,0.000601
7/12/18 5:25,0,0,0.000591
7/12/18 5:30,0,0,0.000651
7/12/18 5:35,0,0,0.000566
7/12/18 5:40,0,0,0.000584
7/12/18 5:45,0,0,0.000544
7/12/18 5:50,0,0,0.000518
7/12/18 5:55,0,0,0.000562
7/12/18 6:00,0,0,0.000617
7/12/18 6:05,0,0,0.000577
7/12/18 6:10,0,0,0.000658
7/12/18 6:15,0,0,0.000568
7/12/18 6:20,0,0,0.000578
7/12/18 6:25,0,0,0.000559
7/12/18 6:30,0,0,0.000526
7/12/18 6:35,0,0,0.000527
7/12/18 6:40,0,0,0.000549
7/12/18 6:45,0,0,0.000552
7/12/18 6:50,0,0,0.000488
7/12/18 6:55,0,0,0.00055
7/12/18 7:00,0,0,0.000522
7/12/18 7:05,0,0,0.000502
7/12/18 7:10,0,0,0.000642
7/12/18 7:15,0,0,0.000596
7/12/18 7:20,0,0,0.000719
7/12/18 7:25,0,0,0.000738
7/12/18 7:30,0,0,0.000719
7/12/18 7:35,0,0,0.000781
7/12/18 7:40,0,0,0.000728
7/12/18 7:45,0,0,0.000567
7/12/18 7:50,0,0,0.000635
7/12/18 7:55,0,0,0.00059
7/12/18 8:00,0,0,0.000508
7/12/18 8:05,0,0,0.000601
7/12/18 8:10,0,0,0.000568
7/12/18 8:15,0,0,0.000619
7/12/18 8:20,0,0,0.000499
7/12/18 8:25,0,0,0.000598
7/12/18 8:30,0,0,0.000514
7/12/18 8:35,0,0,0.000529
7/12/18 8:40,0,0,0.00046
7/12/18 8:45,0,0,0.000533
7/12/18 8:50,0,0,0.000388
7/12/18 8:55,0,0,0.000498
7/12/18 9:00,0,0,0.00048
7/12/18 9:05,0,0,0.000463
7/12/18 9:10,0,0,0.000393
7/12/18 9:15,0,0,0.000457
7/12/18 9:20,0,0,0.000417
7/12/18 9:25,0,0,0.0004
7/12/18 9:30,0,0,0.000384
7/12/18 9:35,0,0,0.000403
7/12/18 9:40,0,0,0.000379
7/12/18 9:45,0,0,0.000403
7/12/18 9:50,0,0,0.000446
7/12/18 9:55,0,0,0.000532
7/12/18 10:00,0,0,0.000416
7/12/18 10:05,0,0,0.000448
7/12/18 10:10,0,0,0.000434
7/12/18 10:15,0,0,0.000405
7/12/18 10:20,0,0,0.000407
7/12/18 10:25,0,0,0.000437
7/12/18 10:30,0,0,0.000468
7/12/18 10:35,0,0,0.000432
7/12/18 10:40,0,0,0.000437
7/12/18 10:45,0,0,0.000468
7/12/18 10:50,0,0,0.000476
7/12/18 10:55,0,0,0.000496
7/12/18 11:00,0,0,0.00045
7/12/18 11:05,0,0,0.000474
7/12/18 11:10,0,0,0.000476
7/12/18 11:15,0,0,0.000474
7/12/18 11:20,0,0,0.000483
7/12/18 11:25,0,0,0.000618
7/12/18 11:30,0,0,0.000657
7/12/18 11:35,0,0,0.000701
7/12/18 11:40,0,0,0.000636
7/12/18 11:45,0,0,0.000599
7/12/18 11:50,0,0,0.000582
7/12/18 11:55,0,0,0.000691
7/12/18 12:00,0,0,0.000648
7/12/18 12:05,0,0,0.00063
7/12/18 12:10,0,0,0.000619
7/12/18 12:15,0,0,0.000597
7/12/18 12:20,0,0,0.000559
7/12/18 12:25,0,0,0.000616
7/12/18 12:30,0,0,0.000685
7/12/18 12:35,0,0,0.000559
7/12/18 12:40,0,0,0.000613
7/12/18 12:45,0,0,0.000593
7/12/18 12:50,0,0,0.000697
7/12/18 12:55,0,0,0.000668
7/12/18 13:00,0,0,0.000694
7/12/18 13:05,0,0,0.000682
7/12/18 13:10,0,0,0.000641
7/12/18 13:15,0,0,0.000714
7/12/18 13:20,0,0,0.000538
7/12/18 13:25,0,0,0.000648
7/12/18 13:30,0,0,0.000672
7/12/18 13:35,0,0,0.000741
7/12/18 13:40,0,0,0.000697
7/12/18 13:45,0,0,0.000745
7/12/18 13:50,0,0,0.000734
7/12/18 13:55,0,0,0.000702
7/12/18 14:00,0,0,0.00075
7/12/18 14:05,0,0,0.000631
7/12/18 14:10,0,0,0.000589
7/12/18 14:15,0,0,0.000722
7/12/18 14:20,0,0,0.000671
7/12/18 14:25,0,0,0.000629
7/12/18 14:30,0,0,0.000715
7/12/18 14:35,0,0,0.000747
7/12/18 14:40,0,0,0.000753
7/12/18 14:45,0,0,0.000722
7/12/18 14:50,0,0,0.000766
7/12/18 14:55,0,0,0.000762
7/12/18 15:00,0,0,0.000664
7/12/18 15:05,0,0,0.000717
7/12/18 15:10,0,0,0.000694
7/12/18 15:15,0,0,0.000627
7/12/18 15:20,0,0,0.000672
7/12/18 15:25,0,0,0.000518
7/12/18 15:30,0,0,0.000821
7/12/18 15:35,0,0,0.001498
7/12/18 15:40,2.286,58.0644,0.001508
7/12/18 15:45,1.524,38.7096,0.001243
7/12/18 15:50,0.254,6.4516,0.001038
7/12/18 15:55,0.254,6.4516,0.001
7/12/18 16:00,0.254,6.4516,0.000978
7/12/18 16:05,0.254,6.4516,0.001034
7/12/18 16:10,0,0,0.000951
7/12/18 16:15,0,0,0.00073
7/12/18 16:20,0,0,0.000763
7/12/18 16:25,0.254,6.4516,0.000736
7/12/18 16:30,0,0,0.000768
7/12/18 16:35,0,0,0.000585
7/12/18 16:40,0,0,0.000616
7/12/18 16:45,0,0,0.000604
7/12/18 16:50,0,0,0.000577
7/12/18 16:55,0,0,0.000602
7/12/18 17:00,0,0,0.000571
7/12/18 17:05,0,0,0.00057
7/12/18 17:10,0,0,0.000521
7/12/18 17:15,0,0,0.000576
7/12/18 17:20,0,0,0.000526
7/12/18 17:25,0,0,0.000534
7/12/18 17:30,0,0,0.0005
7/12/18 17:35,0,0,0.000534
7/12/18 17:40,0,0,0.000506
7/12/18 17:45,0,0,0.000487
7/12/18 17:50,0,0,0.000512
7/12/18 17:55,0,0,0.000517
7/12/18 18:00,0,0,0.000565
7/12/18 18:05,0,0,0.000483
7/12/18 18:10,0,0,0.000528
7/12/18 18:15,0,0,0.000554
7/12/18 18:20,0,0,0.000654
7/12/18 18:25,0.254,6.4516,0.000526
7/12/18 18:30,0,0,0.000512
7/12/18 18:35,0,0,0.000562
7/12/18 18:40,0,0,0.000461
7/12/18 18:45,0,0,0.000435
7/12/18 18:50,0,0,0.000414
7/12/18 18:55,0,0,0.000486
7/12/18 19:00,0,0,0.000569
7/12/18 19:05,0,0,0.000504
7/12/18 19:10,0.254,6.4516,0.000433
7/12/18 19:15,0,0,0.000449
7/12/18 19:20,0,0,0.000474
7/12/18 19:25,0,0,0.000549
7/12/18 19:30,0,0,0.000556
7/12/18 19:35,0,0,0.000489
7/12/18 19:40,0,0,0.000428
7/12/18 19:45,0,0,0.00041
7/12/18 19:50,0,0,0.000447
7/12/18 19:55,0,0,0.000518
7/12/18 20:00,0,0,0.000453
7/12/18 20:05,0,0,0.001366
7/12/18 20:10,0,0,0.000427
7/12/18 20:15,0,0,0.000427
7/12/18 20:20,0,0,0.000471
7/12/18 20:25,0,0,0.000385
7/12/18 20:30,0,0,0.000518
7/12/18 20:35,0,0,0.000476
7/12/18 20:40,0,0,0.000471
7/12/18 20:45,0,0,0.000496
7/12/18 20:50,0,0,0.000438
7/12/18 20:55,0,0,0.000422
7/12/18 21:00,0,0,0.000486
7/12/18 21:05,0,0,0.000447
7/12/18 21:10,0,0,0.00043
7/12/18 21:15,0,0,0.000436
7/12/18 21:20,0,0,0.00041
7/12/18 21:25,0,0,0.000464
7/12/18 21:30,0.254,6.4516,0.000493
7/12/18 21:35,0.762,19.3548,0.00047
7/12/18 21:40,0.254,6.4516,0.000452
7/12/18 21:45,0.254,6.4516,0.000477
7/12/18 21:50,0,0,0.00044
7/12/18 21:55,0,0,0.000461
7/12/18 22:00,0,0,0.000438
7/12/18 22:05,0,0,0.000442
7/12/18 22:10,0,0,0.000433
7/12/18 22:15,0,0,0.000421
7/12/18 22:20,0,0,0.000521
7/12/18 22:25,0.254,6.4516,0.000391
7/12/18 22:30,0,0,0.000402
7/12/18 22:35,0,0,0.000407
7/12/18 22:40,0,0,0.00039
7/12/18 22:45,0,0,0.000408
7/12/18 22:50,0,0,0.000457
7/12/18 22:55,0,0,0.00043
7/12/18 23:00,0,0,0.000411
7/12/18 23:05,0,0,0.000453
7/12/18 23:10,0,0,0.000464
7/12/18 23:15,0,0,0.000395
7/12/18 23:20,0,0,0.000389
7/12/18 23:25,0,0,0.0004
7/12/18 23:30,0,0,0.000408
7/12/18 23:35,0,0,0.000422
7/12/18 23:40,0,0,0.00044
7/12/18 23:45,0,0,0.000394
7/12/18 23:50,0,0,0.000391
7/12/18 23:55,0,0,0.000373
7/13/18 0:00,0,0,0.000383
7/13/18 0:05,0,0,0.000374
7/13/18 0:10,0,0,0.000406
7/13/18 0:15,0,0,0.000386
7/13/18 0:20,0,0,0.000433
7/13/18 0:25,0,0,0.00041
7/13/18 0:30,0,0,0.000388
7/13/18 0:35,0,0,0.000432
7/13/18 0:40,0,0,0.000427
7/13/18 0:45,0,0,0.000459
7/13/18 0:50,0.254,6.4516,0.00053
7/13/18 0:55,0.508,12.9032,0.000467
7/13/18 1:00,0,0,0.000467
7/13/18 1:05,0,0,0.000482
7/13/18 1:10,0,0,0.000516
7/13/18 1:15,0,0,0.000675
7/13/18 1:20,1.27,32.258,0.000933
7/13/18 1:25,1.016,25.8064,0.001064
7/13/18 1:30,0.762,19.3548,0.000928
7/13/18 1:35,0.508,12.9032,0.000861
7/13/18 1:40,0,0,0.000801
7/13/18 1:45,0,0,0.000757
7/13/18 1:50,0,0,0.000686
7/13/18 1:55,0.254,6.4516,0.000665
7/13/18 2:00,0,0,0.000581
7/13/18 2:05,0,0,0.000545
7/13/18 2:10,0,0,0.000595
7/13/18 2:15,0,0,0.00058
7/13/18 2:20,0,0,0.000622
7/13/18 2:25,0,0,0.000579
7/13/18 2:30,0,0,0.000643
7/13/18 2:35,0,0,0.000565
7/13/18 2:40,0,0,0.000538
7/13/18 2:45,0,0,0.00054
7/13/18 2:50,0,0,0.00052
7/13/18 2:55,0,0,0.000672
7/13/18 3:00,0,0,0.000547
7/13/18 3:05,0,0,0.000567
7/13/18 3:10,0,0,0.000552
7/13/18 3:15,0,0,0.000608
7/13/18 3:20,0,0,0.000519
7/13/18 3:25,0,0,0.000682
7/13/18 3:30,0.254,6.4516,0.000644
7/13/18 3:35,0.254,6.4516,0.000661
7/13/18 3:40,0,0,0.000495
7/13/18 3:45,0,0,0.000513
7/13/18 3:50,0,0,0.000571
7/13/18 3:55,0.254,6.4516,0.000559
7/13/18 4:00,0,0,0.000651
7/13/18 4:05,0,0,0.000652
7/13/18 4:10,0.254,6.4516,0.00071
7/13/18 4:15,0.254,6.4516,0.000915
7/13/18 4:20,0.254,6.4516,0.00118
7/13/18 4:25,1.778,45.1612,0.00138
7/13/18 4:30,0.508,12.9032,0.001135
7/13/18 4:35,0,0,0.001234
7/13/18 4:40,0.508,12.9032,0.001506
7/13/18 4:45,1.27,32.258,0.001396
7/13/18 4:50,0.254,6.4516,0.00124
7/13/18 4:55,0,0,0.00122
7/13/18 5:00,0,0,0.00102
7/13/18 5:05,0,0,0.000935
7/13/18 5:10,0.254,6.4516,0.000906
7/13/18 5:15,0,0,0.000859
7/13/18 5:20,0,0,0.000703
7/13/18 5:25,0,0,0.000716
7/13/18 5:30,0,0,0.000792
7/13/18 5:35,0,0,0.000706
7/13/18 5:40,0,0,0.000652
7/13/18 5:45,0,0,0.000637
7/13/18 5:50,0,0,0.000693
7/13/18 5:55,0,0,0.000619
7/13/18 6:00,0,0,0.000583
7/13/18 6:05,0,0,0.001351
7/13/18 6:10,0.508,12.9032,0.005469
7/13/18 6:15,4.064,103.2256,0.014029
7/13/18 6:20,3.556,90.3224,0.013019
7/13/18 6:25,0.762,19.3548,0.015148
7/13/18 6:30,1.016,25.8064,0.013136
7/13/18 6:35,0,0,0.010615
7/13/18 6:40,0.254,6.4516,0.008229
7/13/18 6:45,0,0,0.006397
7/13/18 6:50,0,0,0.004651
7/13/18 6:55,0,0,0.003694
7/13/18 7:00,0,0,0.003527
7/13/18 7:05,0.762,19.3548,0.003725
7/13/18 7:10,0.254,6.4516,0.004088
7/13/18 7:15,0.508,12.9032,0.004208
7/13/18 7:20,0.508,12.9032,0.003905
7/13/18 7:25,0,0,0.00376
7/13/18 7:30,0,0,0.003892
7/13/18 7:35,0.254,6.4516,0.002396
7/13/18 7:40,0,0,0.0021
7/13/18 7:45,0,0,0.002069
7/13/18 7:50,0,0,0.001918
7/13/18 7:55,0,0,0.001804
7/13/18 8:00,0,0,0.00179
7/13/18 8:05,0,0,0.0018
7/13/18 8:10,0,0,0.001826
7/13/18 8:15,0,0,0.001978
7/13/18 8:20,0,0,0.001664
7/13/18 8:25,0,0,0.001566
7/13/18 8:30,0,0,0.001562
7/13/18 8:35,0,0,0.001614
7/13/18 8:40,0,0,0.001582
7/13/18 8:45,0,0,0.001575
7/13/18 8:50,0,0,0.001428
7/13/18 8:55,0,0,0.001551
7/13/18 9:00,0,0,0.001554
7/13/18 9:05,0,0,0.001458
7/13/18 9:10,0,0,0.001459
7/13/18 9:15,0,0,0.001422
7/13/18 9:20,0,0,0.001389
7/13/18 9:25,0,0,0.000933
7/13/18 9:30,0,0,0.000843
7/13/18 9:35,0,0,0.000849
7/13/18 9:40,0,0,0.000804
7/13/18 9:45,0.508,12.9032,0.000778
7/13/18 9:50,0,0,0.000807
7/13/18 9:55,0,0,0.000777
7/13/18 10:00,0,0,0.000793
7/13/18 10:05,0,0,0.000804
7/13/18 10:10,0,0,0.000776
7/13/18 10:15,0,0,0.000833
7/13/18 10:20,0,0,0.000718
7/13/18 10:25,0,0,0.000757
7/13/18 10:30,0,0,0.000831
7/13/18 10:35,0,0,0.000798
7/13/18 10:40,0,0,0.000896
7/13/18 10:45,0,0,0.000841
7/13/18 10:50,0,0,0.000985
7/13/18 10:55,0,0,0.000841
7/13/18 11:00,0,0,0.000709
7/13/18 11:05,0,0,0.000637
7/13/18 11:10,0,0,0.000736
7/13/18 11:15,0,0,0.000686
7/13/18 11:20,0,0,0.000777
7/13/18 11:25,0,0,0.000838
7/13/18 11:30,0,0,0.000784
7/13/18 11:35,0,0,0.000765
7/13/18 11:40,0,0,0.000704
7/13/18 11:45,0,0,0.000708
7/13/18 11:50,0.254,6.4516,0.00079
7/13/18 11:55,0,0,0.000782
7/13/18 12:00,0.508,12.9032,0.001209
7/13/18 12:05,1.016,25.8064,0.001246
7/13/18 12:10,0.508,12.9032,0.000987
7/13/18 12:15,0,0,0.000818
7/13/18 12:20,0,0,0.000876
7/13/18 12:25,0,0,0.00092
7/13/18 12:30,0,0,0.000951
7/13/18 12:35,0.508,12.9032,0.000936
7/13/18 12:40,0.508,12.9032,0.00108
7/13/18 12:45,0.762,19.3548,0.000957
7/13/18 12:50,0,0,0.000968
7/13/18 12:55,0.254,6.4516,0.00089
7/13/18 13:00,0,0,0.001042
7/13/18 13:05,0,0,0.000941
7/13/18 13:10,0,0,0.00083
7/13/18 13:15,0,0,0.000852
7/13/18 13:20,0,0,0.000802
7/13/18 13:25,0,0,0.00078
7/13/18 13:30,0,0,0.000866
7/13/18 13:35,0,0,0.000735
7/13/18 13:40,0,0,0.000695
7/13/18 13:45,0,0,0.000784
7/13/18 13:50,0,0,0.000706
7/13/18 13:55,0,0,0.000853
7/13/18 14:00,0,0,0.000944
7/13/18 14:05,0,0,0.000754
7/13/18 14:10,0,0,0.000777
7/13/18 14:15,0,0,0.000763
7/13/18 14:20,0,0,0.00074
7/13/18 14:25,0,0,0.00063
7/13/18 14:30,0,0,0.000721
7/13/18 14:35,0,0,0.000739
7/13/18 14:40,0,0,0.000889
7/13/18 14:45,0,0,0.000652
7/13/18 14:50,0,0,0.00074
7/13/18 14:55,0,0,0.000776
7/13/18 15:00,0,0,0.000748
7/13/18 15:05,0,0,0.000755
7/13/18 15:10,0.254,6.4516,0.000782
7/13/18 15:15,0,0,0.000808
7/13/18 15:20,0.762,19.3548,0.000871
7/13/18 15:25,0.254,6.4516,0.001257
7/13/18 15:30,0.762,19.3548,0.001262
7/13/18 15:35,0.254,6.4516,0.00104
7/13/18 15:40,0.254,6.4516,0.001094
7/13/18 15:45,0.254,6.4516,0.001355
7/13/18 15:50,0.508,12.9032,0.00134
7/13/18 15:55,0.254,6.4516,0.001082
7/13/18 16:00,0,0,0.001011
7/13/18 16:05,0.254,6.4516,0.001164
7/13/18 16:10,0,0,0.001077
7/13/18 16:15,0,0,0.00104
7/13/18 16:20,0.254,6.4516,0.000988
7/13/18 16:25,0,0,0.000923
7/13/18 16:30,0,0,0.000971
7/13/18 16:35,0,0,0.00091
7/13/18 16:40,0,0,0.001029
7/13/18 16:45,0.254,6.4516,0.000942
7/13/18 16:50,0,0,0.00096
7/13/18 16:55,0,0,0.000953
7/13/18 17:00,0,0,0.000894
7/13/18 17:05,0,0,0.000873
7/13/18 17:10,0,0,0.000889
7/13/18 17:15,0,0,0.000946
7/13/18 17:20,0,0,0.001506
7/13/18 17:25,1.27,32.258,0.001449
7/13/18 17:30,1.016,25.8064,0.00136
7/13/18 17:35,0.254,6.4516,0.001248
7/13/18 17:40,0,0,0.001214
7/13/18 17:45,0.254,6.4516,0.001139
7/13/18 17:50,0.254,6.4516,0.001018
7/13/18 17:55,0,0,0.001014
7/13/18 18:00,0,0,0.001085
7/13/18 18:05,0,0,0.000974
7/13/18 18:10,0,0,0.000979
7/13/18 18:15,0,0,0.000817
7/13/18 18:20,0,0,0.000839
7/13/18 18:25,0,0,0.000885
7/13/18 18:30,0,0,0.000881
7/13/18 18:35,0,0,0.000932
7/13/18 18:40,0,0,0.000879
7/13/18 18:45,0,0,0.000969
7/13/18 18:50,0.508,12.9032,0.000903
7/13/18 18:55,0,0,0.000933
7/13/18 19:00,0,0,0.001002
7/13/18 19:05,0,0,0.000919
7/13/18 19:10,0,0,0.000923
7/13/18 19:15,0,0,0.00108
7/13/18 19:20,0,0,0.000998
7/13/18 19:25,0.254,6.4516,0.001057
7/13/18 19:30,0.762,19.3548,0.001034
7/13/18 19:35,0,0,0.001012
7/13/18 19:40,0,0,0.001066
7/13/18 19:45,0.254,6.4516,0.000903
7/13/18 19:50,0,0,0.000912
7/13/18 19:55,0,0,0.001113
7/13/18 20:00,0.508,12.9032,0.00095
7/13/18 20:05,0,0,0.000955
7/13/18 20:10,0,0,0.00105
7/13/18 20:15,0,0,0.000915
7/13/18 20:20,0,0,0.000954
7/13/18 20:25,0,0,0.000876
7/13/18 20:30,0,0,0.000989
7/13/18 20:35,0,0,0.000843
7/13/18 20:40,0,0,0.000867
7/13/18 20:45,0,0,0.000924
7/13/18 20:50,0,0,0.00088
7/13/18 20:55,0,0,0.000809
7/13/18 21:00,0,0,0.000854
7/13/18 21:05,0,0,0.000839
7/13/18 21:10,0,0,0.000842
7/13/18 21:15,0,0,0.0008
7/13/18 21:20,0,0,0.000776
7/13/18 21:25,0,0,0.000988
7/13/18 21:30,0,0,0.000836
7/13/18 21:35,0,0,0.000708
7/13/18 21:40,0,0,0.000878
7/13/18 21:45,0,0,0.000907
7/13/18 21:50,0,0,0.00072
7/13/18 21:55,0,0,0.000721
7/13/18 22:00,0,0,0.000793
7/13/18 22:05,0,0,0.000722
7/13/18 22:10,0,0,0.000636
7/13/18 22:15,0,0,0.000606
7/13/18 22:20,0,0,0.000625
7/13/18 22:25,0,0,0.00069
7/13/18 22:30,0,0,0.001496
7/13/18 22:35,0.254,6.4516,0.003986
7/13/18 22:40,4.826,122.5804,0.00479
7/13/18 22:45,2.032,51.6128,0.004884
7/13/18 22:50,1.016,25.8064,0.006695
7/13/18 22:55,1.016,25.8064,0.006285
7/13/18 23:00,1.524,38.7096,0.005447
7/13/18 23:05,0,0,0.004149
7/13/18 23:10,0,0,0.003609
7/13/18 23:15,0.254,6.4516,0.002847
7/13/18 23:20,0,0,0.003226
7/13/18 23:25,1.016,25.8064,0.003256
7/13/18 23:30,0.762,19.3548,0.002775
7/13/18 23:35,0.254,6.4516,0.002615
7/13/18 23:40,0,0,0.002331
7/13/18 23:45,0,0,0.002332
7/13/18 23:50,0.254,6.4516,0.00232
7/13/18 23:55,0.508,12.9032,0.002265
7/14/18 0:00,0.254,6.4516,0.002067
7/14/18 0:05,0.254,6.4516,0.002108
7/14/18 0:10,0,0,0.003977
7/14/18 0:15,2.032,51.6128,0.006289
7/14/18 0:20,1.778,45.1612,0.018439
7/14/18 0:25,3.302,83.8708,0.031952
7/14/18 0:30,5.842,148.3868,0.037673
7/14/18 0:35,2.286,58.0644,0.03541
7/14/18 0:40,3.302,83.8708,0.02925
7/14/18 0:45,2.032,51.6128,0.02106
7/14/18 0:50,0,0,0.016226
7/14/18 0:55,0.254,6.4516,0.0126
7/14/18 1:00,0,0,0.010501
7/14/18 1:05,0,0,0.009299
7/14/18 1:10,0,0,0.008194
7/14/18 1:15,0.254,6.4516,0.008159
7/14/18 1:20,0.508,12.9032,0.009616
7/14/18 1:25,1.778,45.1612,0.010439
7/14/18 1:30,1.27,32.258,0.01006
7/14/18 1:35,0.508,12.9032,0.008365
7/14/18 1:40,0.254,6.4516,0.007461
7/14/18 1:45,0,0,0.007135
7/14/18 1:50,0.508,12.9032,0.007727
7/14/18 1:55,1.524,38.7096,0.007426
7/14/18 2:00,1.016,25.8064,0.007234
7/14/18 2:05,0.254,6.4516,0.007082
7/14/18 2:10,0,0,0.010455
7/14/18 2:15,1.27,32.258,0.023614
7/14/18 2:20,4.318,109.6772,0.043744
7/14/18 2:25,4.826,122.5804,0.034937
7/14/18 2:30,3.302,83.8708,0.024994
7/14/18 2:35,1.016,25.8064,0.020374
7/14/18 2:40,0,0,0.021402
7/14/18 2:45,0.762,19.3548,0.025837
7/14/18 2:50,2.794,70.9676,0.032886
7/14/18 2:55,3.048,77.4192,0.044947
7/14/18 3:00,3.81,96.774,0.041505
7/14/18 3:05,3.81,96.774,0.035151
7/14/18 3:10,1.016,25.8064,0.02803
7/14/18 3:15,1.016,25.8064,0.025714
7/14/18 3:20,0.762,19.3548,0.022605
7/14/18 3:25,0.508,12.9032,0.01996
7/14/18 3:30,0.508,12.9032,0.01811
7/14/18 3:35,0.508,12.9032,0.016162
7/14/18 3:40,0.254,6.4516,0.014462
7/14/18 3:45,0.254,6.4516,0.013257
7/14/18 3:50,0.254,6.4516,0.012787
7/14/18 3:55,0.254,6.4516,0.011874
7/14/18 4:00,0,0,0.010919
7/14/18 4:05,0,0,0.009675
7/14/18 4:10,0,0,0.00959
7/14/18 4:15,0,0,0.009152
7/14/18 4:20,0,0,0.008261
7/14/18 4:25,0.254,6.4516,0.008231
7/14/18 4:30,0.762,19.3548,0.009337
7/14/18 4:35,1.016,25.8064,0.010211
7/14/18 4:40,0.762,19.3548,0.011226
7/14/18 4:45,1.778,45.1612,0.010106
7/14/18 4:50,0.254,6.4516,0.009544
7/14/18 4:55,0,0,0.008397
7/14/18 5:00,0.254,6.4516,0.007565
7/14/18 5:05,0.254,6.4516,0.006963
7/14/18 5:10,0.254,6.4516,0.006446
7/14/18 5:15,0,0,0.005819
7/14/18 5:20,0.254,6.4516,0.005565
7/14/18 5:25,0,0,0.005536
7/14/18 5:30,0,0,0.005035
7/14/18 5:35,0,0,0.00501
7/14/18 5:40,0,0,0.004934
7/14/18 5:45,0,0,0.004799
7/14/18 5:50,0,0,0.00486
7/14/18 5:55,0.508,12.9032,0.004952
7/14/18 6:00,0.762,19.3548,0.004687
7/14/18 6:05,0.254,6.4516,0.004445
7/14/18 6:10,0.254,6.4516,0.004365
7/14/18 6:15,0,0,0.004218
7/14/18 6:20,0,0,0.0042
7/14/18 6:25,0,0,0.003883
7/14/18 6:30,0,0,0.003659
7/14/18 6:35,0.254,6.4516,0.003825
7/14/18 6:40,0,0,0.004285
7/14/18 6:45,0.762,19.3548,0.004428
7/14/18 6:50,1.27,32.258,0.004552
7/14/18 6:55,0.508,12.9032,0.004313
7/14/18 7:00,0,0,0.004383
7/14/18 7:05,0,0,0.00412
7/14/18 7:10,0,0,0.003944
7/14/18 7:15,0,0,0.003549
7/14/18 7:20,0.254,6.4516,0.003243
7/14/18 7:25,0,0,0.003075
7/14/18 7:30,0,0,0.003152
7/14/18 7:35,0,0,0.002961
7/14/18 7:40,0,0,0.002714
7/14/18 7:45,0,0,0.002678
7/14/18 7:50,0,0,0.002608
7/14/18 7:55,0,0,0.002494
7/14/18 8:00,0,0,0.002548
7/14/18 8:05,0,0,0.002497
7/14/18 8:10,0,0,0.002676
7/14/18 8:15,0,0,0.002844
7/14/18 8:20,0,0,0.002432
7/14/18 8:25,0,0,0.002393
7/14/18 8:30,0,0,0.002619
7/14/18 8:35,0.508,12.9032,0.002685
7/14/18 8:40,0.762,19.3548,0.003066
7/14/18 8:45,0.508,12.9032,0.003185
7/14/18 8:50,1.27,32.258,0.003064
7/14/18 8:55,0.254,6.4516,0.00304
7/14/18 9:00,0,0,0.003351